STATE NAME,DISTRICT NAME,PROJECT NAME,awc_count,total_active_0_6,total_measured_0_6,avg_efficiency_pct,suw_mean,sam_mean,mam_mean,meas_gt_active_count,eff_out_of_range_count,weighted_efficiency_pct,<60,60-80,80-95,95-<100,100,coverage_gap
Odisha,Angul,Angul,264,15873,15871,99.98200757575758,1.3415530303030303,0.5275378787878788,1.4171212121212122,0,0,99.98739998739998,0.0,0.0,0.0,2.0,262.0,2
Odisha,Angul,Athamallik,236,10023,10023,100.0,1.3105508474576273,0.8442796610169492,2.0492372881355934,0,0,100.0,0.0,0.0,0.0,0.0,236.0,0
Odisha,Angul,Banarapal,224,15540,15538,99.9865625,0.3565625,0.5189285714285714,1.1051339285714286,0,0,99.98712998712999,0.0,0.0,0.0,2.0,222.0,2
Odisha,Angul,Chhendipada,191,12621,12614,99.93842931937174,0.8707329842931937,0.7876439790575916,1.9732984293193716,0,0,99.94453688297283,0.0,0.0,0.0,7.0,184.0,7
Odisha,Angul,Kaniha,176,9802,9792,99.87079545454544,0.6352840909090909,0.6640909090909091,1.604715909090909,0,0,99.8979800040808,0.0,0.0,1.0,8.0,167.0,10
Odisha,Angul,Kishorenagar,158,9242,9242,100.0,0.46499999999999997,0.284873417721519,0.7976582278481013,0,0,100.0,0.0,0.0,0.0,0.0,158.0,0
Odisha,Angul,Pallahara,203,10312,10310,99.97600985221675,2.31871921182266,0.48724137931034484,1.5836453201970444,0,0,99.98060512024826,0.0,0.0,0.0,2.0,201.0,2
Odisha,Angul,Talcher,237,11633,11608,99.80092827004219,0.4739240506329114,0.21265822784810126,0.821139240506329,0,0,99.7850941287716,0.0,0.0,2.0,14.0,221.0,25
Odisha,Balangir,Agalpur,182,6116,6115,99.99098901098901,2.640274725274725,0.16593406593406593,2.037032967032967,0,0,99.9836494440811,0.0,0.0,0.0,1.0,181.0,1
Odisha,Balangir,Bangomunda,198,10473,10473,100.0,0.7547474747474747,0.03474747474747475,1.513080808080808,0,0,100.0,0.0,0.0,0.0,0.0,198.0,0
Odisha,Balangir,Belpara,192,11271,11268,99.97947916666668,2.3215625,0.2536979166666667,2.610572916666667,0,0,99.97338301836571,0.0,0.0,0.0,3.0,189.0,3
Odisha,Balangir,Bolangir,232,13522,13522,100.0,1.1519827586206897,0.5302586206896551,1.627758620689655,0,0,100.0,0.0,0.0,0.0,0.0,232.0,0
Odisha,Balangir,Deogaon,205,6319,6316,99.94653658536586,1.5841463414634147,0.5060487804878049,2.5845853658536586,0,0,99.95252413356543,0.0,0.0,0.0,3.0,202.0,3
Odisha,Balangir,Gudvela,120,4317,4316,99.96666666666667,2.6856666666666666,0.5364166666666667,2.9665000000000004,0,0,99.97683576557795,0.0,0.0,0.0,1.0,119.0,1
Odisha,Balangir,Khaprakhol,183,8356,8353,99.97180327868853,3.629344262295082,0.17540983606557378,1.6425136612021858,0,0,99.9640976543801,0.0,0.0,0.0,2.0,181.0,3
Odisha,Balangir,Loisingha,188,6146,6145,99.98957446808511,1.7797872340425533,0.19462765957446806,2.542340425531915,0,0,99.98372925479987,0.0,0.0,0.0,1.0,187.0,1
Odisha,Balangir,Muribahal,213,9479,9477,99.98159624413147,2.8687793427230046,0.3673708920187793,2.196338028169014,0,0,99.9789007279249,0.0,0.0,0.0,1.0,212.0,2
Odisha,Balangir,Patnagarh,278,12333,12333,100.0,3.7280935251798564,0.4018705035971223,3.3503956834532373,0,0,100.0,0.0,0.0,0.0,0.0,278.0,0
Odisha,Balangir,Puintala,201,7397,7382,99.65427860696516,3.996616915422886,0.317363184079602,3.044676616915423,0,0,99.79721508719751,1.0,1.0,0.0,2.0,197.0,15
Odisha,Balangir,Saintala,179,7862,7862,100.0,3.375307262569832,0.4860893854748603,3.2727374301675973,0,0,100.0,0.0,0.0,0.0,0.0,179.0,0
Odisha,Balangir,Titilagarh,230,10235,10235,100.0,1.8746521739130435,0.031130434782608695,1.1050869565217392,0,0,100.0,0.0,0.0,0.0,0.0,230.0,0
Odisha,Balangir,Turekela,173,11177,11176,99.99173410404624,0.7341618497109826,0.18658959537572256,1.534508670520231,0,0,99.99105305538158,0.0,0.0,0.0,1.0,172.0,1
Odisha,Balasore,Bahanaga,249,8409,8408,99.99044176706826,1.953293172690763,0.7434538152610441,2.2105220883534136,0,0,99.98810797954573,0.0,0.0,0.0,1.0,248.0,1
Odisha,Balasore,Balasore Municipality,116,6875,6875,100.0,1.3275000000000001,0.5443965517241379,2.0652586206896553,0,0,100.0,0.0,0.0,0.0,0.0,116.0,0
Odisha,Balasore,Balasore Sadar I,202,9501,9500,99.99247524752475,2.3452475247524753,0.6324257425742574,2.5126237623762377,0,0,99.98947479212714,0.0,0.0,0.0,1.0,201.0,1
Odisha,Balasore,Balasore Sadar II,200,8851,8850,99.99334999999999,2.0749,0.7055,2.30415,0,0,99.98870184159982,0.0,0.0,0.0,1.0,199.0,1
Odisha,Balasore,Baliapal,387,14201,14196,99.97408268733851,2.145064599483204,0.8536434108527132,2.5778036175710595,0,0,99.96479121188648,0.0,0.0,1.0,2.0,384.0,5
Odisha,Balasore,Basta,329,14006,14003,99.97765957446809,1.1170212765957446,0.6813677811550153,1.577659574468085,0,0,99.97858060831072,0.0,0.0,0.0,3.0,326.0,3
Odisha,Balasore,Bhograi,371,11512,11507,99.96652291105121,1.790134770889488,1.0585983827493262,3.639191374663073,0,0,99.95656706045865,0.0,0.0,1.0,4.0,366.0,5
Odisha,Balasore,Bhograi Ii,171,5931,5930,99.9798245614035,0.785672514619883,0.4026315789473684,1.3434502923976608,0,0,99.98313943685719,0.0,0.0,0.0,1.0,170.0,1
Odisha,Balasore,Jaleswar,380,14511,14510,99.98947368421052,1.9540526315789473,0.9424999999999999,2.6777105263157894,0,0,99.99310867617669,0.0,0.0,0.0,1.0,379.0,1
Odisha,Balasore,Khaira,348,11229,11220,99.94566091954022,1.826522988505747,1.0995689655172414,3.4972988505747127,0,0,99.9198503873898,0.0,0.0,1.0,3.0,344.0,9
Odisha,Balasore,Nilagiri,389,9996,9989,99.93419023136248,3.11426735218509,1.9893316195372752,4.828637532133676,0,0,99.92997198879551,0.0,0.0,2.0,3.0,384.0,7
Odisha,Balasore,Oupada,172,5758,5757,99.99063953488371,2.723895348837209,1.3440116279069767,2.8648837209302327,0,0,99.98263285863148,0.0,0.0,0.0,1.0,171.0,1
Odisha,Balasore,Remuna,359,15047,15046,99.99484679665738,2.627632311977716,1.07966573816156,3.5101949860724235,0,0,99.99335415697482,0.0,0.0,0.0,1.0,358.0,1
Odisha,Balasore,Simulia,218,8112,8109,99.97848623853211,1.1495871559633029,0.5352293577981652,1.3793119266055045,0,0,99.96301775147928,0.0,0.0,0.0,1.0,217.0,3
Odisha,Balasore,Soro,329,10946,10944,99.97671732522795,1.159756838905775,0.3539209726443769,1.233161094224924,0,0,99.98172848529143,0.0,0.0,1.0,1.0,327.0,2
Odisha,Bargarh,AMBABHONA,155,3577,3576,99.9503870967742,1.268709677419355,0.8692258064516128,2.5456129032258064,0,0,99.97204361196533,0.0,0.0,1.0,0.0,154.0,1
Odisha,Bargarh,ATTABIRA,331,9107,9107,100.0,0.9999395770392749,0.47975830815709963,1.6105740181268884,0,0,100.0,0.0,0.0,0.0,0.0,331.0,0
Odisha,Bargarh,BARGARH RURAL,308,9351,9351,100.0,0.8990584415584415,0.5187662337662338,1.312142857142857,0,0,100.0,0.0,0.0,0.0,0.0,308.0,0
Odisha,Bargarh,BARGARH URBAN,142,5853,5853,100.0,0.38345070422535216,0.4529577464788732,1.0475352112676057,0,0,100.0,0.0,0.0,0.0,0.0,142.0,0
Odisha,Bargarh,BARPALI,208,7746,7745,99.99038461538461,1.3253846153846154,0.7509134615384615,2.165576923076923,0,0,99.98709011102504,0.0,0.0,0.0,1.0,207.0,1
Odisha,Bargarh,BHATLI,174,5837,5835,99.9705172413793,0.9551724137931034,1.2070689655172413,2.4305747126436783,0,0,99.96573582319684,0.0,0.0,1.0,0.0,173.0,2
Odisha,Bargarh,BHEDEN,265,7871,7871,100.0,1.3676981132075472,0.7562641509433962,2.546037735849057,0,0,100.0,0.0,0.0,0.0,0.0,265.0,0
Odisha,Bargarh,BIJEPUR,219,7015,7014,99.97922374429224,0.36456621004566214,0.24337899543378994,0.7631506849315068,0,0,99.98574483250178,0.0,0.0,0.0,1.0,218.0,1
Odisha,Bargarh,GAISILET,182,6010,6010,100.0,0.6713186813186813,0.2567582417582418,0.8609890109890109,0,0,100.0,0.0,0.0,0.0,0.0,182.0,0
Odisha,Bargarh,JHARBANDH,199,6563,6563,100.0,0.687035175879397,0.7556281407035176,2.3256281407035178,0,0,100.0,0.0,0.0,0.0,0.0,199.0,0
Odisha,Bargarh,PADAMPUR,197,9402,9402,100.0,0.7528934010152284,0.6277664974619289,0.9205583756345177,0,0,100.0,0.0,0.0,0.0,0.0,197.0,0
Odisha,Bargarh,PAIKMAL,211,9204,9204,100.0,0.13644549763033176,0.20734597156398105,0.46293838862559245,0,0,100.0,0.0,0.0,0.0,0.0,211.0,0
Odisha,Bargarh,SOHELA,328,8569,8567,99.97926829268292,0.598719512195122,0.3028963414634146,1.0577439024390243,0,0,99.97666005368188,0.0,0.0,0.0,2.0,326.0,2
Odisha,Bhadrak,Basudevpur,422,18486,18484,99.99109004739336,0.5016350710900473,0.4833175355450237,1.5851658767772514,0,0,99.98918100183923,0.0,0.0,0.0,2.0,420.0,2
Odisha,Bhadrak,Bhadrak,450,23025,23018,99.98011111111111,0.6860666666666667,0.5649111111111111,1.252,0,0,99.96959826275787,0.0,0.0,0.0,4.0,446.0,7
Odisha,Bhadrak,Bhandaripokhari,240,8908,8904,99.965375,1.5464583333333333,1.1797916666666666,2.7814166666666664,0,0,99.95509654243376,0.0,0.0,0.0,4.0,236.0,4
Odisha,Bhadrak,Bonth,238,9300,9297,99.95558823529412,0.8497058823529411,0.6534873949579832,2.331806722689076,0,0,99.96774193548387,0.0,0.0,0.0,3.0,235.0,3
Odisha,Bhadrak,Chandbali-I,220,9527,9527,100.0,1.0432272727272727,0.9650909090909091,2.233681818181818,0,0,100.0,0.0,0.0,0.0,0.0,220.0,0
Odisha,Bhadrak,Chandbali-Ii(R),208,8723,8717,99.9316826923077,0.6385576923076923,0.9049038461538461,1.4402884615384615,0,0,99.93121632465895,0.0,0.0,0.0,5.0,203.0,6
Odisha,Bhadrak,Dhamnagar,353,13929,13927,99.98747875354108,0.8672521246458923,0.4488668555240793,2.1810764872521244,0,0,99.98564146744204,0.0,0.0,0.0,2.0,351.0,2
Odisha,Bhadrak,Tihidi,304,14030,14025,99.96121710526316,0.8887828947368421,1.1217763157894736,2.853651315789474,0,0,99.96436208125445,0.0,0.0,0.0,4.0,300.0,5
Odisha,Boudh,Boudh,253,13125,13103,99.72102766798419,1.4737549407114625,0.5818181818181818,2.01403162055336,0,0,99.83238095238094,1.0,0.0,0.0,3.0,249.0,22
Odisha,Boudh,Harbhanga,219,10430,10427,99.97132420091324,1.6589954337899544,0.3599543378995434,2.36337899543379,0,0,99.9712368168744,0.0,0.0,1.0,1.0,217.0,3
Odisha,Boudh,Kantamal,255,12412,12412,100.0,2.443686274509804,0.48305882352941176,3.0660000000000003,0,0,100.0,0.0,0.0,0.0,0.0,255.0,0
Odisha,Cuttack,Athagarh,237,10140,10137,99.95915611814345,0.9475949367088609,0.25054852320675103,0.6584388185654009,0,0,99.97041420118343,0.0,0.0,1.0,0.0,236.0,3
Odisha,Cuttack,Badamba,206,8893,8889,99.96946601941747,1.1026699029126215,0.5007766990291262,1.528495145631068,0,0,99.95502080287866,0.0,0.0,0.0,2.0,204.0,4
Odisha,Cuttack,Banki,182,6784,6783,99.97252747252747,1.2575274725274725,0.8681868131868131,1.50510989010989,0,0,99.98525943396226,0.0,0.0,1.0,0.0,181.0,1
Odisha,Cuttack,Baranga,136,5884,5884,100.0,1.218014705882353,1.008014705882353,2.4419117647058823,0,0,100.0,0.0,0.0,0.0,0.0,136.0,0
Odisha,Cuttack,Cuttack City - I,159,10793,10742,99.74842767295597,0.46767295597484276,0.09547169811320755,0.3952201257861635,0,0,99.5274715093116,0.0,1.0,0.0,2.0,156.0,51
Odisha,Cuttack,Cuttack City - II,131,10618,10608,99.90015267175572,0.6723664122137405,0.29603053435114507,0.8767175572519084,0,0,99.90582030514221,0.0,0.0,1.0,1.0,129.0,10
Odisha,Cuttack,Cuttack Sadar,240,8551,8551,100.0,0.9525,0.33954166666666663,0.8055833333333333,0,0,100.0,0.0,0.0,0.0,0.0,240.0,0
Odisha,Cuttack,Dampada,170,6685,6685,100.0,1.6778235294117647,0.8957647058823529,1.5636470588235294,0,0,100.0,0.0,0.0,0.0,0.0,170.0,0
Odisha,Cuttack,Kantapada,156,4592,4592,100.0,0.8939743589743591,0.13493589743589743,1.5367948717948718,0,0,100.0,0.0,0.0,0.0,0.0,156.0,0
Odisha,Cuttack,Mahanga,290,10347,10346,99.98886206896552,0.6537241379310345,0.4498620689655173,1.151,0,0,99.99033536290712,0.0,0.0,0.0,1.0,289.0,1
Odisha,Cuttack,Narasinghpur,260,9386,9385,99.99084615384615,0.8533076923076923,0.5599999999999999,2.0180384615384614,0,0,99.98934583422118,0.0,0.0,0.0,1.0,259.0,1
Odisha,Cuttack,Niali,230,7454,7454,100.0,1.1000434782608695,0.8083478260869564,1.5735217391304346,0,0,100.0,0.0,0.0,0.0,0.0,230.0,0
Odisha,Cuttack,Nischintakoili,284,11135,11135,100.0,0.8129929577464788,0.4508098591549296,1.2995774647887324,0,0,100.0,0.0,0.0,0.0,0.0,284.0,0
Odisha,Cuttack,Salepur,263,12924,12924,100.0,0.7011787072243346,0.5703422053231939,1.2776045627376424,0,0,100.0,0.0,0.0,0.0,0.0,263.0,0
Odisha,Cuttack,Tangi-Choudwar,298,12904,12904,100.0,0.8675167785234899,0.5304362416107382,1.7837583892617448,0,0,100.0,0.0,0.0,0.0,0.0,298.0,0
Odisha,Cuttack,Tigiria,101,5170,5170,100.0,0.8996039603960396,0.6064356435643564,0.7672277227722771,0,0,100.0,0.0,0.0,0.0,0.0,101.0,0
Odisha,Deogarh,Barkote,256,7311,7306,99.9551171875,2.218046875,1.5125781249999999,4.3253515625,0,0,99.93160990288607,0.0,0.0,0.0,4.0,252.0,5
Odisha,Deogarh,Reamal,255,8304,8300,99.92388235294118,1.4138431372549018,0.393843137254902,3.072627450980392,0,0,99.95183044315993,0.0,0.0,1.0,3.0,251.0,4
Odisha,Deogarh,Tileibani,289,7121,7121,100.0,1.4346020761245672,0.6971626297577854,2.499204152249135,0,0,100.0,0.0,0.0,0.0,0.0,289.0,0
Odisha,Dhenkanal,Bhubana,270,8402,8394,99.90133333333334,1.2905925925925925,0.3932962962962963,0.897,0,0,99.90478457510117,0.0,0.0,1.0,5.0,264.0,8
Odisha,Dhenkanal,Dhenkanal,281,12174,12133,99.71918149466192,1.0980427046263346,0.40252669039145905,1.7275800711743772,0,0,99.66321669130936,0.0,1.0,2.0,12.0,266.0,41
Odisha,Dhenkanal,Gondia,270,10538,10535,99.976,1.4528518518518518,0.5205925925925926,1.6732222222222222,0,0,99.97153159992408,0.0,0.0,0.0,2.0,268.0,3
Odisha,Dhenkanal,Hindol,423,12572,12559,99.89205673758865,1.051063829787234,0.6663593380614657,2.568321513002364,0,0,99.89659560929049,0.0,0.0,2.0,10.0,411.0,13
Odisha,Dhenkanal,Kamakshyanagar,248,8069,8063,99.94028225806451,1.066008064516129,0.6860080645161291,1.5604435483870969,0,0,99.92564134341306,0.0,0.0,1.0,4.0,243.0,6
Odisha,Dhenkanal,Kankadahad,221,8835,8831,99.96570135746606,1.2524886877828054,0.3399547511312217,0.739185520361991,0,0,99.95472552348613,0.0,0.0,1.0,1.0,219.0,4
Odisha,Dhenkanal,Odapada,298,8792,8785,99.91919463087248,1.0006375838926174,0.36795302013422815,0.7253355704697987,0,0,99.92038216560509,0.0,0.0,1.0,6.0,291.0,7
Odisha,Dhenkanal,Parjang,212,8988,8987,99.98476415094339,0.3075,0.0765566037735849,0.197688679245283,0,0,99.98887405429461,0.0,0.0,0.0,1.0,211.0,1
Odisha,Gajapati,Gumma,351,7176,7172,99.90165242165243,3.3563817663817663,1.4936752136752136,4.771111111111112,0,0,99.94425863991081,0.0,1.0,0.0,2.0,348.0,4
Odisha,Gajapati,Kashinagar,281,4099,4097,99.95416370106761,1.9805338078291814,0.9569039145907473,2.6434163701067614,0,0,99.95120761161259,0.0,0.0,1.0,1.0,279.0,2
Odisha,Gajapati,Mohana,642,16120,16111,99.9398753894081,1.4805919003115264,0.3510747663551402,1.2292367601246106,0,0,99.94416873449131,0.0,0.0,3.0,4.0,635.0,9
Odisha,Gajapati,Nuagada,274,6046,6044,99.9802189781022,3.9534306569343065,2.877883211678832,5.5258394160583935,0,0,99.96692027786966,0.0,0.0,0.0,2.0,272.0,2
Odisha,Gajapati,PARALAKHEMUNDI,320,4302,4297,99.93553125,1.687,1.4421875,3.1306875,0,0,99.8837749883775,0.0,0.0,3.0,1.0,316.0,5
Odisha,Gajapati,R.Udayagiri,263,6684,6682,99.9712927756654,2.094106463878327,0.8622433460076045,2.237680608365019,0,0,99.9700777977259,0.0,0.0,0.0,2.0,261.0,2
Odisha,Gajapati,Rayagada,312,5801,5792,99.87583333333333,4.2235576923076925,1.7226282051282051,7.118878205128206,0,0,99.8448543354594,0.0,0.0,3.0,5.0,304.0,9
Odisha,Ganjam,Aska,251,12562,12558,99.96374501992032,1.439003984063745,0.9606374501992032,1.7653386454183269,0,0,99.9681579366343,0.0,0.0,0.0,4.0,247.0,4
Odisha,Ganjam,Bam City-I,106,7638,7638,100.0,0.6794339622641509,0.36698113207547167,0.6320754716981132,0,0,100.0,0.0,0.0,0.0,0.0,106.0,0
Odisha,Ganjam,Beguniapada,213,12423,12422,99.99253521126761,0.7584976525821596,0.1532863849765258,0.38061032863849764,0,0,99.99195041455366,0.0,0.0,0.0,1.0,212.0,1
Odisha,Ganjam,Belaguntha,192,7734,7734,100.0,1.4530208333333334,0.8940104166666667,1.8425520833333333,0,0,100.0,0.0,0.0,0.0,0.0,192.0,0
Odisha,Ganjam,Berhampur (U) - II,90,6804,6804,100.0,1.3073333333333332,0.2551111111111111,0.8087777777777778,0,0,100.0,0.0,0.0,0.0,0.0,90.0,0
Odisha,Ganjam,Bhanjanagar,258,13943,13940,99.97992248062016,0.9117829457364341,0.6072093023255813,1.4541860465116279,0,0,99.97848382700997,0.0,0.0,0.0,3.0,255.0,3
Odisha,Ganjam,Buguda,231,8801,8795,99.91722943722944,0.08142857142857143,0.05636363636363636,0.16861471861471863,0,0,99.93182592887172,0.0,0.0,1.0,5.0,225.0,6
Odisha,Ganjam,CHATRAPUR,239,10534,10534,100.0,0.9651882845188284,0.5469037656903766,1.3663179916317991,0,0,100.0,0.0,0.0,0.0,0.0,239.0,0
Odisha,Ganjam,Chikiti,200,9454,9453,99.99155,1.31945,0.6938500000000001,1.51685,0,0,99.98942246668076,0.0,0.0,0.0,1.0,199.0,1
Odisha,Ganjam,DHARAKOTE,194,8267,8267,100.0,1.0575257731958763,0.9084020618556701,1.643917525773196,0,0,100.0,0.0,0.0,0.0,0.0,194.0,0
Odisha,Ganjam,Digapahandi,267,10688,10685,99.97176029962546,0.34629213483146065,0.40127340823970037,1.0338202247191013,0,0,99.97193113772454,0.0,0.0,0.0,3.0,264.0,3
Odisha,Ganjam,Ganjam,153,7503,7503,100.0,1.1850326797385622,0.514640522875817,2.485751633986928,0,0,100.0,0.0,0.0,0.0,0.0,153.0,0
Odisha,Ganjam,Hinjilicut,213,10979,10978,99.98765258215963,0.532018779342723,0.5602347417840375,1.505211267605634,0,0,99.99089170234083,0.0,0.0,0.0,1.0,212.0,1
Odisha,Ganjam,Jaganathprasad,235,9945,9945,100.0,1.8982978723404256,1.0920425531914892,1.7802978723404255,0,0,100.0,0.0,0.0,0.0,0.0,235.0,0
Odisha,Ganjam,Kavisuryanagar,190,10087,10087,100.0,0.42552631578947364,0.2817368421052632,0.7845263157894737,0,0,100.0,0.0,0.0,0.0,0.0,190.0,0
Odisha,Ganjam,Khallikote,281,12583,12581,99.97711743772241,1.184697508896797,0.3712099644128114,1.0606405693950178,0,0,99.98410553921958,0.0,0.0,0.0,2.0,279.0,2
Odisha,Ganjam,Kukudakhandi,191,9767,9764,99.95680628272251,1.2728795811518325,0.45905759162303666,1.0796858638743456,0,0,99.96928432476707,0.0,0.0,0.0,3.0,188.0,3
Odisha,Ganjam,POLASARA,214,11351,11351,100.0,1.6818224299065418,0.7795794392523365,2.57911214953271,0,0,100.0,0.0,0.0,0.0,0.0,214.0,0
Odisha,Ganjam,PURUSHOTTAMPUR,253,10649,10645,99.96292490118577,0.6130830039525692,0.30584980237154147,0.9975494071146245,0,0,99.96243778758569,0.0,0.0,0.0,3.0,250.0,4
Odisha,Ganjam,Patrapur,249,9954,9950,99.96305220883534,2.5986746987951808,1.4187550200803212,2.6097590361445784,0,0,99.95981514968857,0.0,0.0,0.0,4.0,245.0,4
Odisha,Ganjam,RANGEILUNDA,233,13306,13294,99.88030042918456,1.6206437768240345,1.0660515021459227,2.0488412017167383,0,0,99.90981512099805,0.0,0.0,1.0,5.0,227.0,12
Odisha,Ganjam,SORADA,266,13327,13323,99.97142857142858,1.5013533834586468,0.8637593984962406,2.195827067669173,0,0,99.96998574322802,0.0,0.0,0.0,4.0,262.0,4
Odisha,Ganjam,Sanakhemundi,247,14812,14804,99.94931174089069,0.7180566801619432,0.3379352226720648,0.7622267206477733,0,0,99.94598973805023,0.0,0.0,1.0,1.0,245.0,8
Odisha,Ganjam,Sheragada,196,9710,9707,99.97209183673469,0.3982142857142857,0.34071428571428575,0.7767857142857143,0,0,99.96910401647786,0.0,0.0,0.0,3.0,193.0,3
Odisha,Jagatsinghpur,Balikuda,252,8495,8494,99.98984126984126,1.105753968253968,0.601468253968254,1.1400396825396826,0,0,99.9882283696292,0.0,0.0,0.0,1.0,251.0,1
Odisha,Jagatsinghpur,Biridi,170,4471,4471,100.0,0.9512352941176471,0.46341176470588236,1.2256470588235293,0,0,100.0,0.0,0.0,0.0,0.0,170.0,0
Odisha,Jagatsinghpur,Erasama,239,8424,8424,100.0,0.737071129707113,0.3275732217573221,1.6039330543933052,0,0,100.0,0.0,0.0,0.0,0.0,239.0,0
Odisha,Jagatsinghpur,Jagatsinghpur,286,9945,9945,100.0,0.852937062937063,0.5364685314685315,1.308216783216783,0,0,100.0,0.0,0.0,0.0,0.0,286.0,0
Odisha,Jagatsinghpur,Kujang,335,12331,12331,100.0,1.2358208955223882,0.4125373134328358,1.3677910447761192,0,0,100.0,0.0,0.0,0.0,0.0,335.0,0
Odisha,Jagatsinghpur,Naugaon,119,4005,4005,100.0,0.5647899159663865,0.4676470588235294,0.8977310924369748,0,0,100.0,0.0,0.0,0.0,0.0,119.0,0
Odisha,Jagatsinghpur,Raghunathpur,120,4259,4259,100.0,0.95475,0.5429999999999999,1.6391666666666667,0,0,100.0,0.0,0.0,0.0,0.0,120.0,0
Odisha,Jagatsinghpur,Tirtol,294,9379,9377,99.98690476190477,0.5136734693877552,0.17673469387755103,0.9797959183673469,0,0,99.97867576500693,0.0,0.0,0.0,1.0,293.0,2
Odisha,Jajapur,Badachana,177,8736,8736,100.0,1.7399435028248587,0.9859887005649718,1.9342937853107345,0,0,100.0,0.0,0.0,0.0,0.0,177.0,0
Odisha,Jajapur,Badachana-II,149,8130,8128,99.97469798657718,0.8274496644295302,0.3061073825503356,1.261275167785235,0,0,99.97539975399754,0.0,0.0,0.0,1.0,148.0,2
Odisha,Jajapur,Bari,251,11193,11192,99.99187250996016,1.4893227091633465,0.6010358565737053,2.434183266932271,0,0,99.99106584472437,0.0,0.0,0.0,1.0,250.0,1
Odisha,Jajapur,Binjharpur,295,12594,12594,100.0,0.5946440677966102,0.23552542372881358,1.170949152542373,0,0,100.0,0.0,0.0,0.0,0.0,295.0,0
Odisha,Jajapur,Danagadi,201,11187,11185,99.97875621890547,2.6208955223880595,0.4990049751243781,3.0743781094527365,0,0,99.98212210601591,0.0,0.0,0.0,2.0,199.0,2
Odisha,Jajapur,Dasarathipur,311,12987,12984,99.98215434083602,1.1170739549839228,0.31340836012861734,1.7290032154340838,0,0,99.97689997689999,0.0,0.0,0.0,2.0,309.0,3
Odisha,Jajapur,Dharmasala,321,16953,16951,99.99093457943926,0.6398442367601247,0.08305295950155764,0.3977570093457944,0,0,99.9882026779921,0.0,0.0,0.0,2.0,319.0,2
Odisha,Jajapur,Jajpur,324,14856,14848,99.94734567901234,0.8676234567901235,0.11626543209876544,0.29867283950617285,0,0,99.94614970382337,0.0,0.0,1.0,6.0,317.0,8
Odisha,Jajapur,Korei,246,16594,16592,99.9779674796748,0.8100813008130081,0.37085365853658536,1.4055691056910569,0,0,99.98794745088586,0.0,0.0,0.0,2.0,244.0,2
Odisha,Jajapur,Rasulpur,266,13463,13461,99.97567669172932,1.0775187969924813,0.4091729323308271,1.418609022556391,0,0,99.98514447002897,0.0,0.0,1.0,1.0,264.0,2
Odisha,Jajapur,Sukinda,285,12232,12232,100.0,2.995017543859649,0.9755438596491227,3.41859649122807,0,0,100.0,0.0,0.0,0.0,0.0,285.0,0
Odisha,Jharsuguda,BRAJRAJNAGAR URBAN,95,3884,3872,99.80463157894738,0.9857894736842104,1.427578947368421,2.2754736842105263,0,0,99.69104016477857,0.0,0.0,1.0,2.0,92.0,12
Odisha,Jharsuguda,JHARSUGUDA RURAL,158,4695,4688,99.80544303797468,2.431012658227848,1.7869620253164555,4.241772151898735,0,0,99.85090521831735,0.0,0.0,3.0,4.0,151.0,7
Odisha,Jharsuguda,JHARSUGUDA URBAN,97,6632,6632,100.0,1.0391752577319586,0.5303092783505154,0.952680412371134,0,0,100.0,0.0,0.0,0.0,0.0,97.0,0
Odisha,Jharsuguda,KIRMIRA,93,2103,2101,99.8816129032258,2.2475268817204297,1.7141935483870967,5.06978494623656,0,0,99.90489776509747,0.0,0.0,1.0,1.0,91.0,2
Odisha,Jharsuguda,KOLABIRA,115,2742,2742,100.0,1.6957391304347826,1.3410434782608696,1.7199130434782608,0,0,100.0,0.0,0.0,0.0,0.0,115.0,0
Odisha,Jharsuguda,LAIKERA,108,2765,2765,100.0,1.3837962962962962,1.1721296296296297,1.9313888888888888,0,0,100.0,0.0,0.0,0.0,0.0,108.0,0
Odisha,Jharsuguda,LAKHANPUR,301,11011,11006,99.95664451827243,2.627906976744186,1.3796013289036544,3.557840531561462,0,0,99.95459086368177,0.0,0.0,1.0,3.0,297.0,5
Odisha,Kalahandi,BHAWANIPATNA(RURAL),256,14863,14835,99.823046875,1.9078515624999999,0.5326171875,2.581015625,0,0,99.81161272959699,0.0,0.0,1.0,20.0,235.0,28
Odisha,Kalahandi,Bhawanipatna (Urban),73,4416,4412,99.91219178082191,0.7395890410958904,0.6010958904109588,2.6554794520547946,0,0,99.90942028985508,0.0,0.0,0.0,3.0,70.0,4
Odisha,Kalahandi,DHARAMGARH,194,12351,12340,99.92036082474226,1.730721649484536,0.23077319587628864,2.3941752577319586,0,0,99.91093838555582,0.0,0.0,0.0,7.0,187.0,11
Odisha,Kalahandi,Golamunda,184,12006,12003,99.9754891304348,2.9658152173913046,1.212771739130435,4.362663043478261,0,0,99.97501249375313,0.0,0.0,0.0,3.0,181.0,3
Odisha,Kalahandi,Junagarh,248,16543,16484,99.79443548387097,1.8597983870967743,0.6056048387096774,3.177298387096774,0,0,99.64335368433778,0.0,1.0,0.0,5.0,242.0,59
Odisha,Kalahandi,KALAMPUR,79,4888,4877,99.85025316455696,1.5268354430379747,0.7624050632911392,2.5234177215189875,0,0,99.77495908346971,0.0,0.0,1.0,0.0,78.0,11
Odisha,Kalahandi,KARLAMUNDA,75,3599,3598,99.97386666666667,1.9249333333333334,0.7746666666666667,4.817333333333334,0,0,99.9722145040289,0.0,0.0,0.0,1.0,74.0,1
Odisha,Kalahandi,KESINGA,195,9968,9966,99.95794871794871,2.1706153846153846,0.6186153846153846,2.958871794871795,0,0,99.97993579454254,0.0,0.0,1.0,1.0,193.0,2
Odisha,Kalahandi,KOKSARA,168,10955,10955,100.0,2.4909523809523813,0.7394642857142857,3.195416666666667,0,0,100.0,0.0,0.0,0.0,0.0,168.0,0
Odisha,Kalahandi,LANJIGARH,240,11650,11643,99.94654166666666,2.621583333333333,1.3439583333333334,3.8779583333333334,0,0,99.93991416309012,0.0,0.0,0.0,7.0,233.0,7
Odisha,Kalahandi,M.RAMPUR,153,7158,7157,99.98764705882353,1.5633333333333332,0.5556209150326797,2.2490196078431373,0,0,99.98602961721151,0.0,0.0,0.0,1.0,152.0,1
Odisha,Kalahandi,Narla,156,9175,9159,99.84185897435897,2.060448717948718,0.7408974358974358,2.1237820512820513,0,0,99.82561307901906,0.0,0.0,1.0,7.0,148.0,16
Odisha,Kalahandi,Th.Rampur,184,9915,9900,99.8541304347826,3.6973369565217395,1.0647282608695652,5.014782608695652,0,0,99.84871406959152,0.0,0.0,1.0,11.0,172.0,15
Odisha,Kalahandi,jaipatna,172,11460,11456,99.94372093023256,2.510813953488372,0.4762790697674419,3.747267441860465,0,0,99.96509598603839,0.0,0.0,1.0,3.0,168.0,4
Odisha,Kandhamal,Baliguda,202,8462,8461,99.98455445544555,1.4373267326732673,0.7567326732673266,3.001237623762376,0,0,99.98818246277476,0.0,0.0,0.0,1.0,201.0,1
Odisha,Kandhamal,CHAKAPAD,164,3258,3255,99.91402439024391,2.709512195121951,0.2940243902439024,3.0021951219512197,0,0,99.90791896869244,0.0,0.0,1.0,1.0,162.0,3
Odisha,Kandhamal,DARINGBADI,355,12117,12115,99.98571830985915,2.194112676056338,0.3290140845070422,3.5521971830985914,0,0,99.98349426425683,0.0,0.0,0.0,2.0,353.0,2
Odisha,Kandhamal,G.UDAYGIRI,114,2254,2253,99.9538596491228,2.2778947368421054,0.5363157894736842,3.9583333333333335,0,0,99.95563442768412,0.0,0.0,1.0,0.0,113.0,1
Odisha,Kandhamal,K.NUAGAON,162,4816,4816,100.0,2.9005555555555556,0.5775308641975309,4.171481481481481,0,0,100.0,0.0,0.0,0.0,0.0,162.0,0
Odisha,Kandhamal,KHAJURIPADA,149,3736,3733,99.92241610738256,2.178993288590604,0.465503355704698,3.0268456375838926,0,0,99.91970021413277,0.0,0.0,1.0,1.0,147.0,3
Odisha,Kandhamal,KOTAGARH,160,7532,7522,99.8385,1.7399999999999998,1.163,3.5675624999999997,0,0,99.8672331386086,0.0,0.0,2.0,4.0,154.0,10
Odisha,Kandhamal,PHIRINGIA,238,9549,9538,99.93563025210084,1.385126050420168,0.19428571428571428,1.5349159663865546,0,0,99.88480469159074,0.0,0.0,1.0,2.0,235.0,11
Odisha,Kandhamal,PHULBANI,155,5363,5361,99.938,2.767548387096774,0.5915483870967742,3.047806451612903,0,0,99.96270743986575,0.0,0.0,1.0,1.0,153.0,2
Odisha,Kandhamal,RAIKIA,165,3860,3860,100.0,2.0252727272727276,0.9067878787878788,4.618242424242424,0,0,100.0,0.0,0.0,0.0,0.0,165.0,0
Odisha,Kandhamal,TIKABALI,141,3161,3159,99.9440425531915,2.289645390070922,0.7139716312056738,3.507659574468085,0,0,99.93672888326479,0.0,0.0,1.0,1.0,139.0,2
Odisha,Kandhamal,TUMUDIBANDHA,193,6393,6391,99.96316062176166,2.9478756476683934,0.8805699481865285,3.9780310880829015,0,0,99.96871578288753,0.0,0.0,0.0,2.0,191.0,2
Odisha,Kendrapara,AUL,225,9429,9429,100.0,0.37208888888888886,0.5574222222222223,1.1961333333333333,0,0,100.0,0.0,0.0,0.0,0.0,225.0,0
Odisha,Kendrapara,DERABISH,224,8503,8503,100.0,0.709375,0.6809821428571429,1.290625,0,0,100.0,0.0,0.0,0.0,0.0,224.0,0
Odisha,Kendrapara,GARADAPUR,174,6217,6217,100.0,0.4891379310344828,0.6155172413793103,1.0304022988505748,0,0,100.0,0.0,0.0,0.0,0.0,174.0,0
Odisha,Kendrapara,KENDRAPADA,263,13619,13618,99.99574144486692,0.9595437262357415,0.5362737642585551,1.1644106463878328,0,0,99.99265731698362,0.0,0.0,0.0,1.0,262.0,1
Odisha,Kendrapara,MAHAKALPADA,311,13235,13233,99.98305466237942,0.597234726688103,0.45723472668810283,1.3817363344051448,0,0,99.98488855307896,0.0,0.0,0.0,2.0,309.0,2
Odisha,Kendrapara,MARSHAGHAI,183,6537,6537,100.0,0.87224043715847,0.8045901639344263,1.3129508196721311,0,0,100.0,0.0,0.0,0.0,0.0,183.0,0
Odisha,Kendrapara,PATTAMUNDAI,278,14064,14063,99.99122302158274,0.6469424460431654,0.516294964028777,1.0849280575539568,0,0,99.9928896473265,0.0,0.0,0.0,1.0,277.0,1
Odisha,Kendrapara,RAJKANIKA,215,8656,8656,100.0,0.6813023255813953,0.7230232558139534,1.2349302325581395,0,0,100.0,0.0,0.0,0.0,0.0,215.0,0
Odisha,Kendrapara,RAJNAGAR,274,13031,13031,100.0,0.7402919708029198,0.7064598540145985,1.1267153284671532,0,0,100.0,0.0,0.0,0.0,0.0,274.0,0
Odisha,Keonjhar,Anandapur,228,11023,11021,99.9732894736842,1.2553070175438596,0.3958771929824561,1.8081140350877194,0,0,99.98185611902386,0.0,0.0,0.0,2.0,226.0,2
Odisha,Keonjhar,Banspal,252,13867,13865,99.99246031746031,2.1982142857142857,0.6069841269841271,2.043333333333333,0,0,99.98557726977717,0.0,0.0,0.0,1.0,251.0,2
Odisha,Keonjhar,Champua,209,8274,8243,99.59291866028707,3.1540191387559813,1.5963636363636362,4.292679425837321,0,0,99.62533236644911,0.0,0.0,5.0,22.0,182.0,31
Odisha,Keonjhar,Ghasipura,256,10091,10089,99.984375,2.3758984375,0.5630859375,2.287109375,0,0,99.98018035873551,0.0,0.0,0.0,1.0,255.0,2
Odisha,Keonjhar,Ghatgaon,261,9102,9099,99.96318007662835,3.3271647509578544,1.0356704980842912,5.95823754789272,0,0,99.96704021094264,0.0,0.0,1.0,1.0,259.0,3
Odisha,Keonjhar,Harachandanpur,290,12414,12408,99.95296551724138,8.16741379310345,1.3126206896551722,9.163103448275862,0,0,99.9516674722088,0.0,0.0,1.0,2.0,287.0,6
Odisha,Keonjhar,Hatadihi,219,12159,12155,99.96949771689498,2.4634246575342464,1.0338812785388127,2.900821917808219,0,0,99.96710255777613,0.0,0.0,0.0,3.0,216.0,4
Odisha,Keonjhar,Jhumpura,237,10665,10664,99.98683544303798,1.4691983122362868,0.4185654008438819,1.8498312236286918,0,0,99.99062353492734,0.0,0.0,0.0,1.0,236.0,1
Odisha,Keonjhar,Joda(T),291,18108,18105,99.97288659793814,1.22553264604811,0.2526116838487973,1.9481099656357388,0,0,99.98343273691187,0.0,0.0,1.0,0.0,290.0,3
Odisha,Keonjhar,Joda(U),46,3776,3776,100.0,1.2006521739130434,0.3958695652173913,1.3223913043478261,0,0,100.0,0.0,0.0,0.0,0.0,46.0,0
Odisha,Keonjhar,Keonjhar,343,15297,15275,99.83034985422739,4.282827988338193,0.8465597667638484,4.659999999999999,0,0,99.85618095051318,0.0,0.0,2.0,13.0,328.0,22
Odisha,Keonjhar,Patna,263,7733,7716,99.60167300380229,2.7029657794676805,0.6405703422053232,3.4672243346007603,0,0,99.78016293805767,1.0,0.0,0.0,1.0,261.0,17
Odisha,Keonjhar,Saharpada,223,7184,7182,99.9777130044843,4.861300448430493,1.5917040358744394,5.605605381165919,0,0,99.97216035634744,0.0,0.0,0.0,2.0,221.0,2
Odisha,Keonjhar,Telkoi,243,8687,8685,99.98551440329219,3.0823045267489713,0.2581893004115226,3.7376954732510286,0,0,99.97697709220674,0.0,0.0,0.0,2.0,241.0,2
Odisha,Khordha,BALIPATNA,154,6673,6673,100.0,1.4787662337662337,0.47370129870129873,1.5012987012987011,0,0,100.0,0.0,0.0,0.0,0.0,154.0,0
Odisha,Khordha,BANAPUR,289,10924,10921,99.98667820069204,0.9491349480968858,0.21792387543252598,1.1660207612456748,0,0,99.97253753203954,0.0,0.0,0.0,1.0,288.0,3
Odisha,Khordha,BBSR (Rural),190,8975,8973,99.98015789473683,0.9046842105263158,0.26726315789473687,1.0679473684210525,0,0,99.97771587743732,0.0,0.0,0.0,1.0,189.0,2
Odisha,Khordha,BBSR(U)-I,120,11518,11518,100.0,0.7978333333333333,0.22191666666666665,0.785,0,0,100.0,0.0,0.0,0.0,0.0,120.0,0
Odisha,Khordha,BOLAGARH,228,7990,7988,99.97692982456141,1.0755701754385967,0.6760087719298246,2.031842105263158,0,0,99.97496871088862,0.0,0.0,1.0,0.0,227.0,2
Odisha,Khordha,Balianta,181,7671,7671,100.0,0.8436464088397789,0.3521546961325967,1.3134254143646409,0,0,100.0,0.0,0.0,0.0,0.0,181.0,0
Odisha,Khordha,Begunia,236,7949,7943,99.93419491525424,1.5275,1.3808474576271186,2.755593220338983,0,0,99.92451880739715,0.0,0.0,1.0,2.0,233.0,6
Odisha,Khordha,CHILIKA,191,9378,9375,99.94429319371729,0.7516230366492147,0.48387434554973824,1.4255497382198952,0,0,99.96801023672425,0.0,0.0,1.0,1.0,189.0,3
Odisha,Khordha,ICDS BMC-II,102,7199,7199,100.0,0.8541176470588235,0.5201960784313726,1.7026470588235292,0,0,100.0,0.0,0.0,0.0,0.0,102.0,0
Odisha,Khordha,ICDS BMC-III,156,11419,11417,99.97192307692308,1.0653846153846154,0.4474358974358974,1.6766025641025641,0,0,99.9824853314651,0.0,0.0,0.0,2.0,154.0,2
Odisha,Khordha,JATNI,209,9268,9268,100.0,1.2220574162679425,0.42526315789473684,1.3790430622009568,0,0,100.0,0.0,0.0,0.0,0.0,209.0,0
Odisha,Khordha,Khordha,245,12084,12083,99.99587755102041,0.6429387755102042,0.24624489795918367,0.877469387755102,0,0,99.99172459450513,0.0,0.0,0.0,1.0,244.0,1
Odisha,Khordha,Tangi,253,11152,11145,99.92173913043479,1.5002371541501975,0.8696442687747035,2.4443083003952566,0,0,99.93723098995696,0.0,0.0,2.0,5.0,246.0,7
Odisha,Koraput,Bandhugaon,221,7451,7451,100.0,4.578144796380091,0.6080542986425339,2.610950226244344,0,0,100.0,0.0,0.0,0.0,0.0,221.0,0
Odisha,Koraput,Boipariguda,328,12618,12616,99.9830487804878,3.843353658536585,0.45249999999999996,2.605182926829268,0,0,99.98414962751625,0.0,0.0,0.0,2.0,326.0,2
Odisha,Koraput,Borigumma,334,15860,15855,99.97374251497007,1.39562874251497,0.34401197604790423,1.602125748502994,0,0,99.96847414880202,0.0,0.0,0.0,3.0,331.0,5
Odisha,Koraput,Dasamantapur,264,9596,9594,99.97045454545454,3.173787878787879,0.47374999999999995,2.256666666666667,0,0,99.97915798249271,0.0,0.0,1.0,1.0,262.0,2
Odisha,Koraput,Jeypore,337,16769,16768,99.99151335311572,1.7112759643916913,0.4390504451038576,1.6447477744807122,0,0,99.99403661518278,0.0,0.0,0.0,1.0,336.0,1
Odisha,Koraput,Koraput,233,8216,8215,99.99141630901288,2.0400429184549354,0.5092274678111588,2.9841201716738195,0,0,99.98782862706913,0.0,0.0,0.0,1.0,232.0,1
Odisha,Koraput,Kotpad,247,11335,11332,99.98400809716598,3.154412955465587,0.1631174089068826,4.184372469635627,0,0,99.97353330392589,0.0,0.0,0.0,1.0,246.0,3
Odisha,Koraput,Kundura,189,7949,7949,100.0,3.0769841269841267,0.5881481481481481,3.835925925925926,0,0,100.0,0.0,0.0,0.0,0.0,189.0,0
Odisha,Koraput,Lamtaput,192,5817,5815,99.96671875,3.1683333333333334,0.5526041666666667,2.482760416666667,0,0,99.96561801615952,0.0,0.0,0.0,2.0,190.0,2
Odisha,Koraput,Laxmipur,184,6716,6713,99.97538043478262,1.8872282608695652,0.5259239130434782,1.8401086956521737,0,0,99.95533055390113,0.0,0.0,0.0,2.0,182.0,3
Odisha,Koraput,Nandapur,240,9210,9203,99.90533333333333,1.1848333333333334,0.28950000000000004,2.3175000000000003,0,0,99.92399565689468,0.0,0.0,1.0,3.0,236.0,7
Odisha,Koraput,Narayan Patana,160,6681,6678,99.9375,1.4655625,0.520625,1.9614999999999998,0,0,99.95509654243376,0.0,0.0,1.0,0.0,159.0,3
Odisha,Koraput,Pottangi,189,6718,6717,99.99444444444445,1.2791534391534392,0.714867724867725,2.0434920634920632,0,0,99.98511461744567,0.0,0.0,0.0,1.0,188.0,1
Odisha,Koraput,Semiliguda,194,5941,5938,99.9369587628866,2.613917525773196,0.6057731958762886,4.551752577319587,0,0,99.94950345059755,0.0,0.0,2.0,0.0,192.0,3
Odisha,Koraput,Sunabeda,85,3988,3987,99.97647058823529,1.0331764705882351,0.18952941176470586,1.458235294117647,0,0,99.97492477432297,0.0,0.0,0.0,1.0,84.0,1
Odisha,Malkangiri,CHITRAKONDA,180,8531,8528,99.9625,5.775111111111111,1.0881666666666667,5.7396111111111106,0,0,99.9648341343336,0.0,0.0,0.0,3.0,177.0,3
Odisha,Malkangiri,KALIMELA,264,13123,13050,99.38128787878787,3.3347348484848487,0.9133712121212121,3.786060606060606,0,0,99.44372475805837,0.0,1.0,6.0,37.0,220.0,73
Odisha,Malkangiri,KHAIRPUT,131,6615,6615,100.0,7.090076335877862,2.1643511450381676,6.812290076335878,0,0,100.0,0.0,0.0,0.0,0.0,131.0,0
Odisha,Malkangiri,KORUKONDA,177,8953,8934,99.80559322033898,4.029039548022599,0.8698870056497175,5.089661016949153,0,0,99.78778063219032,0.0,0.0,2.0,11.0,164.0,19
Odisha,Malkangiri,MALKANGIRI,250,13369,13356,99.90608,4.45864,1.6804000000000001,6.86912,0,0,99.90276011668786,0.0,0.0,2.0,4.0,244.0,13
Odisha,Malkangiri,MATHILI,215,10868,10836,99.64558139534883,4.3844651162790695,1.496,4.4663720930232556,0,0,99.70555760029444,0.0,0.0,3.0,20.0,192.0,32
Odisha,Malkangiri,PODIA,107,4004,4004,100.0,6.970560747663551,1.9682242990654204,5.480747663551401,0,0,100.0,0.0,0.0,0.0,0.0,107.0,0
Odisha,Mayurbhanj,BETNOTI,282,10433,10433,100.0,2.9099645390070923,1.1862056737588653,5.372482269503546,0,0,100.0,0.0,0.0,0.0,0.0,282.0,0
Odisha,Mayurbhanj,BIJATALA,146,5228,5220,99.8645205479452,2.366986301369863,0.3423972602739726,5.492602739726027,0,0,99.84697781178271,0.0,0.0,1.0,5.0,140.0,8
Odisha,Mayurbhanj,Badsahi,324,8921,8911,99.88395061728396,0.8593209876543211,0.38098765432098763,1.5857098765432098,0,0,99.88790494339199,0.0,0.0,2.0,6.0,316.0,10
Odisha,Mayurbhanj,Bahalda,151,5682,5672,99.48774834437086,3.5834437086092716,1.1248344370860928,5.811192052980132,0,0,99.82400563181977,1.0,0.0,1.0,4.0,145.0,10
Odisha,Mayurbhanj,Bangriposi,223,6942,6942,100.0,1.7608071748878924,0.37735426008968614,2.6528251121076236,0,0,100.0,0.0,0.0,0.0,0.0,223.0,0
Odisha,Mayurbhanj,Baripada,240,8857,8850,99.94891666666668,1.3705833333333333,0.7826666666666667,2.3680000000000003,0,0,99.92096646720108,0.0,0.0,1.0,2.0,237.0,7
Odisha,Mayurbhanj,Bisoi,169,5454,5450,99.9166272189349,3.507396449704142,0.5929585798816568,3.926568047337278,0,0,99.92665933259993,0.0,0.0,0.0,4.0,165.0,4
Odisha,Mayurbhanj,G.B.NAGAR,164,4481,4480,99.98932926829268,3.334268292682927,0.7160975609756097,6.173780487804878,0,0,99.9776835527784,0.0,0.0,0.0,1.0,163.0,1
Odisha,Mayurbhanj,JAMDA,129,4913,4913,100.0,5.049922480620155,1.139457364341085,8.849612403100775,0,0,100.0,0.0,0.0,0.0,0.0,129.0,0
Odisha,Mayurbhanj,JASHIPUR,221,7608,7607,99.98113122171947,4.316063348416289,1.2009954751131222,5.263212669683258,0,0,99.98685594111461,0.0,0.0,0.0,1.0,220.0,1
Odisha,Mayurbhanj,KULIANA,211,7141,7140,99.99052132701422,4.783317535545024,0.6262085308056872,4.405165876777251,0,0,99.98599635905336,0.0,0.0,0.0,1.0,210.0,1
Odisha,Mayurbhanj,Kaptipada,337,12201,12168,99.71543026706232,3.551839762611276,0.525074183976261,4.346943620178042,0,0,99.72953036636342,0.0,0.0,8.0,15.0,314.0,33
Odisha,Mayurbhanj,Karanjia,228,7163,7161,99.96399122807019,4.0987719298245615,1.2503947368421051,6.709035087719299,0,0,99.97207873795895,0.0,0.0,1.0,1.0,226.0,2
Odisha,Mayurbhanj,Khunta,182,5080,5077,99.80637362637361,2.971428571428571,0.602032967032967,6.095659340659341,0,0,99.94094488188976,0.0,1.0,1.0,1.0,179.0,3
Odisha,Mayurbhanj,Kusumi,199,6913,6913,100.0,3.7729648241206033,0.5028643216080402,5.341407035175879,0,0,100.0,0.0,0.0,0.0,0.0,199.0,0
Odisha,Mayurbhanj,Morada,235,6461,6459,99.95314893617022,3.1653617021276594,0.31365957446808507,4.122127659574469,0,0,99.96904503946757,0.0,0.0,1.0,1.0,233.0,2
Odisha,Mayurbhanj,RARUAN,131,5495,5489,99.90748091603052,2.3267175572519085,0.4294656488549618,2.8805343511450383,0,0,99.89080982711556,0.0,0.0,0.0,5.0,126.0,6
Odisha,Mayurbhanj,Rairangpur,179,5276,5276,100.0,4.924748603351955,1.131340782122905,5.778603351955307,0,0,100.0,0.0,0.0,0.0,0.0,179.0,0
Odisha,Mayurbhanj,Rasgobindpur,205,7158,7158,100.0,1.1346341463414633,0.11317073170731708,3.24009756097561,0,0,100.0,0.0,0.0,0.0,0.0,205.0,0
Odisha,Mayurbhanj,SHAMAKHUNTA,159,5399,5397,99.96691823899371,2.97125786163522,0.6242138364779874,3.2884905660377357,0,0,99.96295610298203,0.0,0.0,1.0,0.0,158.0,2
Odisha,Mayurbhanj,SULIAPADA,201,6550,6549,99.98393034825871,2.7588059701492536,1.2413432835820895,4.638606965174129,0,0,99.98473282442748,0.0,0.0,0.0,1.0,200.0,1
Odisha,Mayurbhanj,Saraskana,199,7170,7168,99.97668341708543,2.5314572864321607,0.6072361809045226,3.177688442211055,0,0,99.9721059972106,0.0,0.0,0.0,2.0,197.0,2
Odisha,Mayurbhanj,Sukruli,106,4525,4525,100.0,5.732169811320754,0.3812264150943396,8.344245283018868,0,0,100.0,0.0,0.0,0.0,0.0,106.0,0
Odisha,Mayurbhanj,TIRING,114,3857,3854,99.91026315789475,4.287719298245614,1.435877192982456,5.604122807017544,0,0,99.92221934145708,0.0,0.0,1.0,1.0,112.0,3
Odisha,Mayurbhanj,Thakurmunda,224,9111,9103,99.88258928571429,4.775044642857142,0.30495535714285715,5.144821428571428,0,0,99.91219405114697,0.0,0.0,2.0,2.0,220.0,8
Odisha,Mayurbhanj,UDALA,194,5602,5602,100.0,4.820051546391753,1.0339690721649484,4.358298969072165,0,0,100.0,0.0,0.0,0.0,0.0,194.0,0
Odisha,Nabarangpur,CHANDAHANDI,142,7924,7921,99.96964788732394,3.0646478873239436,0.8679577464788732,5.16669014084507,0,0,99.96214033316507,0.0,0.0,0.0,3.0,139.0,3
Odisha,Nabarangpur,DABUGAM,142,6944,6941,99.94845070422535,3.652042253521127,0.5780281690140845,4.317676056338028,0,0,99.95679723502305,0.0,0.0,1.0,0.0,141.0,3
Odisha,Nabarangpur,JHARIGAM,304,17937,17924,99.93628289473685,5.183190789473684,0.8219407894736842,6.161348684210526,0,0,99.92752411217037,0.0,0.0,0.0,10.0,294.0,13
Odisha,Nabarangpur,KOSAGUMUNDA,310,17858,17840,99.87883870967741,3.526064516129032,0.2729354838709677,4.099387096774193,0,0,99.89920483816776,0.0,0.0,1.0,12.0,297.0,18
Odisha,Nabarangpur,NABARANGPUR,163,9438,9437,99.99067484662577,3.92441717791411,0.5366257668711656,4.75840490797546,0,0,99.98940453485908,0.0,0.0,0.0,1.0,162.0,1
Odisha,Nabarangpur,NANDAHANDI,135,6087,6084,99.95022222222222,1.8074074074074074,0.4699259259259259,2.5893333333333333,0,0,99.9507146377526,0.0,0.0,1.0,1.0,133.0,3
Odisha,Nabarangpur,PAPADAHANDI,294,15584,15575,99.95333333333333,2.461326530612245,0.1819047619047619,3.195340136054422,0,0,99.94224845995893,0.0,0.0,0.0,6.0,288.0,9
Odisha,Nabarangpur,RAIGHAR,313,19085,19059,99.80463258785942,2.1632907348242814,0.36399361022364213,2.6380191693290738,0,0,99.86376735656275,0.0,0.0,4.0,17.0,292.0,26
Odisha,Nabarangpur,TENTULIKHUNTI,204,8224,8222,99.97382352941176,1.5519117647058822,0.3545098039215686,2.380392156862745,0,0,99.97568093385215,0.0,0.0,0.0,2.0,202.0,2
Odisha,Nabarangpur,UMERKOTE,323,21334,21331,99.98486068111455,1.8960061919504643,0.34040247678018576,2.3629102167182663,0,0,99.9859379394394,0.0,0.0,0.0,3.0,320.0,3
Odisha,Nayagarh,BHAPUR,153,6537,6529,99.78542483660131,1.1770588235294117,0.48477124183006537,1.9693464052287581,0,0,99.87761970322778,0.0,0.0,3.0,3.0,147.0,8
Odisha,Nayagarh,DASPALLA,229,7144,7139,99.8696943231441,0.7756768558951965,0.09991266375545851,1.4834934497816592,0,0,99.93001119820829,0.0,1.0,0.0,4.0,224.0,5
Odisha,Nayagarh,GANIA,82,2441,2433,99.6789024390244,2.247926829268293,0.5913414634146341,2.819634146341463,0,0,99.67226546497338,0.0,0.0,2.0,4.0,76.0,8
Odisha,Nayagarh,KHANDAPARA,169,7042,7041,99.9876923076923,1.7443195266272191,0.5166863905325444,2.408816568047337,0,0,99.9857994887816,0.0,0.0,0.0,1.0,168.0,1
Odisha,Nayagarh,NAYAGARH,230,9990,9990,100.0,1.1743478260869564,0.42334782608695654,1.9932173913043478,0,0,100.0,0.0,0.0,0.0,0.0,230.0,0
Odisha,Nayagarh,NUAGAON,168,5778,5774,99.94464285714287,2.254642857142857,0.7414285714285714,3.172083333333333,0,0,99.93077189338871,0.0,0.0,0.0,4.0,164.0,4
Odisha,Nayagarh,ODAGAON,230,10189,10182,99.94839130434784,1.3609130434782608,0.42530434782608695,3.1555652173913042,0,0,99.93129845912259,0.0,0.0,0.0,5.0,225.0,7
Odisha,Nayagarh,RANAPUR,323,10718,10716,99.98647058823529,1.0855417956656346,0.4606811145510836,1.515294117647059,0,0,99.9813398022019,0.0,0.0,0.0,2.0,321.0,2
Odisha,Nuapada,Boden,205,7947,7944,99.96951219512195,0.9298536585365854,0.4673170731707317,1.1666829268292684,0,0,99.96224990562477,0.0,0.0,1.0,0.0,204.0,3
Odisha,Nuapada,KHARIAR,264,10743,10735,99.92246212121212,1.7863257575757574,0.6971212121212121,2.3064772727272724,0,0,99.92553290514753,0.0,0.0,2.0,3.0,259.0,8
Odisha,Nuapada,KOMNA,349,11650,11650,100.0,1.1846704871060172,0.17048710601719197,1.7926934097421203,0,0,100.0,0.0,0.0,0.0,0.0,349.0,0
Odisha,Nuapada,Nuapada,332,14164,14161,99.9765361445783,1.6960240963855422,0.30557228915662654,3.51539156626506,0,0,99.97881954250212,0.0,0.0,0.0,2.0,330.0,3
Odisha,Nuapada,Sinapali,258,9267,9261,99.93713178294573,1.0000775193798448,0.3543798449612403,1.4986046511627906,0,0,99.93525412754937,0.0,0.0,1.0,0.0,257.0,6
Odisha,Puri,ASTARANGA,178,4400,4399,99.96876404494381,0.4919662921348314,0.12483146067415729,0.6147191011235955,0,0,99.97727272727272,0.0,0.0,1.0,0.0,177.0,1
Odisha,Puri,BRAHMGIRI,200,8771,8771,100.0,0.4643,0.18664999999999998,0.51965,0,0,100.0,0.0,0.0,0.0,0.0,200.0,0
Odisha,Puri,DELANGA,179,7213,7212,99.97670391061453,0.6765921787709497,0.23798882681564246,2.494189944134078,0,0,99.986136143075,0.0,0.0,0.0,1.0,178.0,1
Odisha,Puri,GOP,287,9640,9640,100.0,0.39940766550522644,0.09205574912891985,0.9409756097560976,0,0,100.0,0.0,0.0,0.0,0.0,287.0,0
Odisha,Puri,KAKATPUR,182,6142,6142,100.0,0.37428571428571433,0.08945054945054946,0.6061538461538462,0,0,100.0,0.0,0.0,0.0,0.0,182.0,0
Odisha,Puri,KANAS,285,9451,9451,100.0,0.6881052631578947,0.07603508771929825,1.1897894736842105,0,0,100.0,0.0,0.0,0.0,0.0,285.0,0
Odisha,Puri,KRUSHNAPRASAD,134,7147,7147,100.0,0.3330597014925373,0.02104477611940299,0.31164179104477613,0,0,100.0,0.0,0.0,0.0,0.0,134.0,0
Odisha,Puri,NIMAPADA,379,11376,11373,99.98852242744064,0.2955672823218997,0.12889182058047494,0.4041160949868074,0,0,99.97362869198312,0.0,0.0,0.0,1.0,378.0,3
Odisha,Puri,PIPILI,261,9772,9771,99.99065134099618,0.06425287356321839,0.04367816091954023,0.1617624521072797,0,0,99.98976668031109,0.0,0.0,0.0,1.0,260.0,1
Odisha,Puri,PURI MUNICIPALITY,80,6808,6808,100.0,0.142,0.054625,0.503375,0,0,100.0,0.0,0.0,0.0,0.0,80.0,0
Odisha,Puri,PURI SADAR,269,8579,8577,99.97676579925651,0.13171003717472118,0.06843866171003718,0.47769516728624534,0,0,99.97668725958737,0.0,0.0,1.0,0.0,268.0,2
Odisha,Puri,SATYABADI,165,6117,6117,100.0,0.35824242424242425,0.14806060606060606,0.45236363636363636,0,0,100.0,0.0,0.0,0.0,0.0,165.0,0
Odisha,Rayagada,BISSAMCTTACK,190,10493,10492,99.99326315789475,0.5850526315789474,0.2993157894736842,1.183842105263158,0,0,99.99046983703421,0.0,0.0,0.0,1.0,189.0,1
Odisha,Rayagada,CHANDRAPUR,118,5118,5114,99.92084745762712,2.1696610169491524,0.7784745762711864,2.9953389830508472,0,0,99.9218444704963,0.0,0.0,0.0,3.0,115.0,4
Odisha,Rayagada,GUDARI,133,4907,4905,99.95932330827068,3.7374436090225562,1.511203007518797,3.5690977443609024,0,0,99.9592418993275,0.0,0.0,1.0,0.0,132.0,2
Odisha,Rayagada,GUNUPUR,229,7941,7939,99.97480349344978,0.6910043668122271,0.6624017467248908,1.3819213973799125,0,0,99.97481425513159,0.0,0.0,1.0,1.0,227.0,2
Odisha,Rayagada,K. SINGHPUR,155,6796,6793,99.96729032258065,2.959741935483871,1.4810967741935483,4.806645161290322,0,0,99.95585638610947,0.0,0.0,0.0,2.0,153.0,3
Odisha,Rayagada,KASIPUR,329,19079,19041,99.81313069908813,1.3251063829787233,1.1235562310030394,2.3162917933130696,0,0,99.80082813564653,0.0,0.0,3.0,20.0,306.0,38
Odisha,Rayagada,KOLNARA,174,6492,6481,99.82994252873563,4.431724137931035,1.2466091954022989,3.7582758620689654,0,0,99.83056069008009,0.0,0.0,2.0,5.0,167.0,11
Odisha,Rayagada,Muniguda,187,11319,11299,99.80229946524064,4.205882352941177,1.1540106951871658,4.412032085561497,0,0,99.82330594575492,0.0,0.0,1.0,9.0,177.0,20
Odisha,Rayagada,PADMAPUR,119,5299,5299,100.0,1.7614285714285716,0.5900840336134454,2.0883193277310923,0,0,100.0,0.0,0.0,0.0,0.0,119.0,0
Odisha,Rayagada,RAMNAGUDA,153,4083,4083,100.0,1.6641176470588237,0.9541176470588235,1.8073202614379085,0,0,100.0,0.0,0.0,0.0,0.0,153.0,0
Odisha,Rayagada,Rayagada,300,14811,14810,99.99073333333334,0.6243666666666666,0.30476666666666663,0.9668333333333333,0,0,99.99324826142731,0.0,0.0,0.0,1.0,299.0,1
Odisha,Sambalpur,Bamra,211,6057,6054,99.93189573459716,1.9215165876777252,1.0172511848341232,3.224691943127962,0,0,99.95047052996533,0.0,0.0,2.0,1.0,208.0,3
Odisha,Sambalpur,DHANKAUDA,185,8545,8545,100.0,3.720594594594594,1.3952972972972972,5.334594594594594,0,0,100.0,0.0,0.0,0.0,0.0,185.0,0
Odisha,Sambalpur,JAMANKIRA,242,6102,6096,99.8896694214876,3.763719008264463,1.5914462809917356,5.754297520661157,0,0,99.90167158308752,0.0,0.0,2.0,3.0,237.0,6
Odisha,Sambalpur,Jujomura,197,5615,5613,99.95639593908629,3.390710659898477,1.772994923857868,6.0094923857868014,0,0,99.96438112199466,0.0,0.0,1.0,1.0,195.0,2
Odisha,Sambalpur,Kuchinda,203,4855,4853,99.9415763546798,3.22512315270936,1.3979310344827585,4.411477832512315,0,0,99.95880535530381,0.0,0.0,1.0,1.0,201.0,2
Odisha,Sambalpur,Maneswar,151,6437,6436,99.97119205298013,2.3873509933774835,0.9399337748344372,3.5315894039735096,0,0,99.984464812801,0.0,0.0,0.0,1.0,150.0,1
Odisha,Sambalpur,NAKTIDEUL,160,4736,4736,100.0,3.4371875000000003,1.8029374999999999,4.6248125,0,0,100.0,0.0,0.0,0.0,0.0,160.0,0
Odisha,Sambalpur,RAIRAKHOL,175,5582,5577,99.89154285714287,1.6746285714285714,0.5927428571428571,3.4364,0,0,99.91042637047653,0.0,0.0,1.0,3.0,171.0,5
Odisha,Sambalpur,RENGALI,138,6151,6149,99.97891304347826,2.498333333333333,0.5621739130434783,3.8760144927536233,0,0,99.96748496179482,0.0,0.0,0.0,2.0,136.0,2
Odisha,Sambalpur,SAMBALPUR URBAN,224,12543,12543,100.0,1.629330357142857,1.2403571428571427,2.7564732142857147,0,0,100.0,0.0,0.0,0.0,0.0,224.0,0
Odisha,Subarnapur,BINKA,258,7319,7317,99.97961240310079,1.9037596899224807,0.9271705426356589,2.1566279069767442,0,0,99.97267386254953,0.0,0.0,1.0,0.0,257.0,2
Odisha,Subarnapur,BIRMAHARAJPUR,280,7471,7459,99.82796428571429,2.290464285714286,1.0420357142857142,2.4904642857142854,0,0,99.83937893186989,0.0,0.0,3.0,8.0,269.0,12
Odisha,Subarnapur,DUNGURIPALI,268,8098,8098,100.0,2.8763432835820897,0.9619029850746269,4.325783582089552,0,0,100.0,0.0,0.0,0.0,0.0,268.0,0
Odisha,Subarnapur,SONEPUR,240,6971,6945,99.70604166666666,1.7857916666666667,0.8577083333333333,2.4322083333333335,0,0,99.62702625161383,1.0,0.0,3.0,4.0,232.0,26
Odisha,Subarnapur,TARBHA,261,6153,6149,99.94969348659004,2.3475862068965516,0.9989272030651339,2.4157471264367816,0,0,99.93499106127092,0.0,0.0,1.0,2.0,258.0,4
Odisha,Subarnapur,ULLUNDA,249,6751,6742,99.83710843373494,1.3699598393574297,0.8776305220883535,1.995301204819277,0,0,99.86668641682714,0.0,0.0,3.0,5.0,241.0,9
Odisha,Sundergarh,BALISANKARA,219,5726,5725,99.99543378995433,1.7881735159817351,0.7253881278538813,1.7164383561643834,0,0,99.98253580160672,0.0,0.0,0.0,1.0,218.0,1
Odisha,Sundergarh,BARGAON,156,4195,4195,100.0,1.8165384615384614,0.529423076923077,3.4016666666666664,0,0,100.0,0.0,0.0,0.0,0.0,156.0,0
Odisha,Sundergarh,BIRMITRAPUR,50,2033,2033,100.0,1.892,0.826,3.7242,0,0,100.0,0.0,0.0,0.0,0.0,50.0,0
Odisha,Sundergarh,BISRA,172,6308,6306,99.97767441860465,2.257732558139535,1.1115697674418605,2.6519767441860465,0,0,99.96829422954978,0.0,0.0,0.0,2.0,170.0,2
Odisha,Sundergarh,BONAIGARH,168,5191,5191,100.0,1.838690476190476,0.6993452380952381,5.3225,0,0,100.0,0.0,0.0,0.0,0.0,168.0,0
Odisha,Sundergarh,GURUNDIA,186,5401,5401,100.0,2.1736021505376346,1.3738172043010752,4.995860215053764,0,0,100.0,0.0,0.0,0.0,0.0,186.0,0
Odisha,Sundergarh,HEMGIRI,224,4648,4648,100.0,3.064107142857143,1.140044642857143,5.759508928571428,0,0,100.0,0.0,0.0,0.0,0.0,224.0,0
Odisha,Sundergarh,KOIRA,177,9339,9332,99.9264406779661,1.1547457627118642,0.7533333333333333,1.9009039548022597,0,0,99.92504550808438,0.0,0.0,0.0,5.0,172.0,7
Odisha,Sundergarh,KUARMUNDA,244,7580,7580,100.0,1.7492213114754098,1.1000409836065574,3.1472540983606554,0,0,100.0,0.0,0.0,0.0,0.0,244.0,0
Odisha,Sundergarh,KUTRA,207,4930,4929,99.98067632850241,1.3295652173913042,0.976183574879227,3.632463768115942,0,0,99.97971602434077,0.0,0.0,0.0,1.0,206.0,1
Odisha,Sundergarh,LAHUNIPARA,261,10004,10004,100.0,2.82727969348659,0.6078927203065134,3.1242911877394635,0,0,100.0,0.0,0.0,0.0,0.0,261.0,0
Odisha,Sundergarh,LATHIKATA,232,10308,10307,99.99043103448275,0.9733189655172414,0.37646551724137933,1.6648275862068966,0,0,99.99029879705084,0.0,0.0,0.0,1.0,231.0,1
Odisha,Sundergarh,LEPHRIPARA,220,4838,4836,99.97090909090909,1.2963636363636364,0.41977272727272724,1.6672272727272728,0,0,99.95866060355519,0.0,0.0,0.0,2.0,218.0,2
Odisha,Sundergarh,NUAGAON,228,6722,6721,99.9780701754386,0.7986842105263158,0.6321052631578947,1.7171052631578947,0,0,99.9851234751562,0.0,0.0,1.0,0.0,227.0,1
Odisha,Sundergarh,RAJGANGPUR,267,11134,11134,100.0,1.0168539325842696,0.4521722846441948,1.8462921348314607,0,0,100.0,0.0,0.0,0.0,0.0,267.0,0
Odisha,Sundergarh,ROURKELA CITY,160,9408,9408,100.0,0.5923125,0.28912499999999997,0.7945,0,0,100.0,0.0,0.0,0.0,0.0,160.0,0
Odisha,Sundergarh,ROURKELA INDUSTRIAL ESTATE,115,5788,5787,99.98965217391304,1.4471304347826086,0.3088695652173913,0.8760869565217392,0,0,99.9827228749136,0.0,0.0,0.0,1.0,114.0,1
Odisha,Sundergarh,ROURKELE CIVIL TOWNSHIP,115,5523,5522,99.97652173913043,0.9592173913043478,0.24765217391304348,1.4211304347826088,0,0,99.98189389824371,0.0,0.0,0.0,1.0,114.0,1
Odisha,Sundergarh,SUBDEGA,156,3950,3950,100.0,1.9405128205128204,0.3160897435897436,3.8551923076923074,0,0,100.0,0.0,0.0,0.0,0.0,156.0,0
Odisha,Sundergarh,SUNDARGARH SADAR,192,4887,4886,99.98697916666667,1.6719270833333333,0.2703125,2.26359375,0,0,99.97953754859832,0.0,0.0,0.0,1.0,191.0,1
Odisha,Sundergarh,TANGARPALI,170,3475,3474,99.97200000000001,0.8685882352941177,0.5504117647058823,1.4984117647058823,0,0,99.97122302158273,0.0,0.0,0.0,1.0,169.0,1
