STATE NAME,DISTRICT NAME,PROJECT NAME,awc_count,total_active_0_6,total_measured_0_6,avg_efficiency_pct,suw_mean,sam_mean,mam_mean,meas_gt_active_count,eff_out_of_range_count,weighted_efficiency_pct,<60,60-80,80-95,95-<100,100,coverage_gap,awc_below_80,awc_below_95,operational_priority_score,coverage_gap_pct,awc_below_80_pct,awc_below_95_pct
Odisha,Angul,Talcher,237,11633,11608,99.80092827004219,0.4739240506329114,0.21265822784810126,0.821139240506329,0,0,99.7850941287716,0.0,0.0,2.0,14.0,221.0,25,0.0,2.0,5.293938638842432,0.21490587122840196,0.0,0.8438818565400843
Odisha,Angul,Kaniha,176,9802,9792,99.87079545454544,0.6352840909090909,0.6640909090909091,1.604715909090909,0,0,99.8979800040808,0.0,0.0,1.0,8.0,167.0,10,0.0,1.0,3.351009070505092,0.10201999591920018,0.0,0.5681818181818182
Odisha,Angul,Chhendipada,191,12621,12614,99.93842931937174,0.8707329842931937,0.7876439790575916,1.9732984293193716,0,0,99.94453688297283,0.0,0.0,0.0,7.0,184.0,7,0.0,0.0,0.27731558513588467,0.055463117027176934,0.0,0.0
Odisha,Angul,Pallahara,203,10312,10310,99.97600985221675,2.31871921182266,0.48724137931034484,1.5836453201970444,0,0,99.98060512024826,0.0,0.0,0.0,2.0,201.0,2,0.0,0.0,0.09697439875872768,0.019394879751745538,0.0,0.0
Odisha,Angul,Banarapal,224,15540,15538,99.9865625,0.3565625,0.5189285714285714,1.1051339285714286,0,0,99.98712998712999,0.0,0.0,0.0,2.0,222.0,2,0.0,0.0,0.06435006435006435,0.01287001287001287,0.0,0.0
Odisha,Balangir,Puintala,201,7397,7382,99.65427860696516,3.996616915422886,0.317363184079602,3.044676616915423,0,0,99.79721508719751,1.0,1.0,0.0,2.0,197.0,15,2.0,2.0,25.889546454559703,0.2027849128024875,0.9950248756218906,0.9950248756218906
Odisha,Balangir,Deogaon,205,6319,6316,99.94653658536586,1.5841463414634147,0.5060487804878049,2.5845853658536586,0,0,99.95252413356543,0.0,0.0,0.0,3.0,202.0,3,0.0,0.0,0.23737933217281212,0.047475866434562426,0.0,0.0
Odisha,Balangir,Khaprakhol,183,8356,8353,99.97180327868853,3.629344262295082,0.17540983606557378,1.6425136612021858,0,0,99.9640976543801,0.0,0.0,0.0,2.0,181.0,3,0.0,0.0,0.17951172809956917,0.03590234561991383,0.0,0.0
Odisha,Balangir,Belpara,192,11271,11268,99.97947916666668,2.3215625,0.2536979166666667,2.610572916666667,0,0,99.97338301836571,0.0,0.0,0.0,3.0,189.0,3,0.0,0.0,0.13308490817141336,0.026616981634282673,0.0,0.0
Odisha,Balangir,Gudvela,120,4317,4316,99.96666666666667,2.6856666666666666,0.5364166666666667,2.9665000000000004,0,0,99.97683576557795,0.0,0.0,0.0,1.0,119.0,1,0.0,0.0,0.11582117211026174,0.02316423442205235,0.0,0.0
Odisha,Balasore,Nilagiri,389,9996,9989,99.93419023136248,3.11426735218509,1.9893316195372752,4.828637532133676,0,0,99.92997198879551,0.0,0.0,2.0,3.0,384.0,7,0.0,2.0,2.9208341434260077,0.0700280112044818,0.0,0.5141388174807198
Odisha,Balasore,Khaira,348,11229,11220,99.94566091954022,1.826522988505747,1.0995689655172414,3.4972988505747127,0,0,99.9198503873898,0.0,0.0,1.0,3.0,344.0,9,0.0,1.0,1.8375296722464307,0.08014961261020571,0.0,0.28735632183908044
Odisha,Balasore,Soro,329,10946,10944,99.97671732522795,1.159756838905775,0.3539209726443769,1.233161094224924,0,0,99.98172848529143,0.0,0.0,1.0,1.0,327.0,2,0.0,1.0,1.6111144124486216,0.01827151470856934,0.0,0.303951367781155
Odisha,Balasore,Bhograi,371,11512,11507,99.96652291105121,1.790134770889488,1.0585983827493262,3.639191374663073,0,0,99.95656706045865,0.0,0.0,1.0,4.0,366.0,5,0.0,1.0,1.5648735925854471,0.04343293954134816,0.0,0.2695417789757413
Odisha,Balasore,Baliapal,387,14201,14196,99.97408268733851,2.145064599483204,0.8536434108527132,2.5778036175710595,0,0,99.96479121188648,0.0,0.0,1.0,2.0,384.0,5,0.0,1.0,1.4680336046502531,0.035208788113513134,0.0,0.2583979328165375
Odisha,Bargarh,AMBABHONA,155,3577,3576,99.9503870967742,1.268709677419355,0.8692258064516128,2.5456129032258064,0,0,99.97204361196533,0.0,0.0,1.0,0.0,154.0,1,0.0,1.0,3.3655883917862326,0.02795638803466592,0.0,0.6451612903225806
Odisha,Bargarh,BHATLI,174,5837,5835,99.9705172413793,0.9551724137931034,1.2070689655172413,2.4305747126436783,0,0,99.96573582319684,0.0,0.0,1.0,0.0,173.0,2,0.0,1.0,3.044884102406566,0.03426417680315231,0.0,0.5747126436781609
Odisha,Bargarh,SOHELA,328,8569,8567,99.97926829268292,0.598719512195122,0.3028963414634146,1.0577439024390243,0,0,99.97666005368188,0.0,0.0,0.0,2.0,326.0,2,0.0,0.0,0.11669973159061735,0.02333994631812347,0.0,0.0
Odisha,Bargarh,BIJEPUR,219,7015,7014,99.97922374429224,0.36456621004566214,0.24337899543378994,0.7631506849315068,0,0,99.98574483250178,0.0,0.0,0.0,1.0,218.0,1,0.0,0.0,0.07127583749109052,0.014255167498218105,0.0,0.0
Odisha,Bargarh,BARPALI,208,7746,7745,99.99038461538461,1.3253846153846154,0.7509134615384615,2.165576923076923,0,0,99.98709011102504,0.0,0.0,0.0,1.0,207.0,1,0.0,0.0,0.06454944487477407,0.012909888974954814,0.0,0.0
Odisha,Bhadrak,Chandbali-Ii(R),208,8723,8717,99.9316826923077,0.6385576923076923,0.9049038461538461,1.4402884615384615,0,0,99.93121632465895,0.0,0.0,0.0,5.0,203.0,6,0.0,0.0,0.343918376705262,0.0687836753410524,0.0,0.0
Odisha,Bhadrak,Bhandaripokhari,240,8908,8904,99.965375,1.5464583333333333,1.1797916666666666,2.7814166666666664,0,0,99.95509654243376,0.0,0.0,0.0,4.0,236.0,4,0.0,0.0,0.22451728783116298,0.044903457566232596,0.0,0.0
Odisha,Bhadrak,Tihidi,304,14030,14025,99.96121710526316,0.8887828947368421,1.1217763157894736,2.853651315789474,0,0,99.96436208125445,0.0,0.0,0.0,4.0,300.0,5,0.0,0.0,0.1781895937277263,0.03563791874554526,0.0,0.0
Odisha,Bhadrak,Bonth,238,9300,9297,99.95558823529412,0.8497058823529411,0.6534873949579832,2.331806722689076,0,0,99.96774193548387,0.0,0.0,0.0,3.0,235.0,3,0.0,0.0,0.16129032258064516,0.03225806451612903,0.0,0.0
Odisha,Bhadrak,Bhadrak,450,23025,23018,99.98011111111111,0.6860666666666667,0.5649111111111111,1.252,0,0,99.96959826275787,0.0,0.0,0.0,4.0,446.0,7,0.0,0.0,0.15200868621064062,0.03040173724212812,0.0,0.0
Odisha,Boudh,Boudh,253,13125,13103,99.72102766798419,1.4737549407114625,0.5818181818181818,2.01403162055336,0,0,99.83238095238094,1.0,0.0,0.0,3.0,249.0,22,1.0,1.0,10.719518162996422,0.1676190476190476,0.3952569169960474,0.3952569169960474
Odisha,Boudh,Harbhanga,219,10430,10427,99.97132420091324,1.6589954337899544,0.3599543378995434,2.36337899543379,0,0,99.9712368168744,0.0,0.0,1.0,1.0,217.0,3,0.0,1.0,2.426920938459046,0.02876318312559923,0.0,0.45662100456621
Odisha,Boudh,Kantamal,255,12412,12412,100.0,2.443686274509804,0.48305882352941176,3.0660000000000003,0,0,100.0,0.0,0.0,0.0,0.0,255.0,0,0.0,0.0,0.0,0.0,0.0,0.0
Odisha,Cuttack,Cuttack City - I,159,10793,10742,99.74842767295597,0.46767295597484276,0.09547169811320755,0.3952201257861635,0,0,99.5274715093116,0.0,1.0,0.0,2.0,156.0,51,1.0,1.0,18.085912893693617,0.4725284906884092,0.628930817610063,0.628930817610063
Odisha,Cuttack,Cuttack City - II,131,10618,10608,99.90015267175572,0.6723664122137405,0.29603053435114507,0.8767175572519084,0,0,99.90582030514221,0.0,0.0,1.0,1.0,129.0,10,0.0,1.0,4.287692367418714,0.09417969485778867,0.0,0.7633587786259541
Odisha,Cuttack,Banki,182,6784,6783,99.97252747252747,1.2575274725274725,0.8681868131868131,1.50510989010989,0,0,99.98525943396226,0.0,0.0,1.0,0.0,181.0,1,0.0,1.0,2.8209555774414263,0.01474056603773585,0.0,0.5494505494505495
Odisha,Cuttack,Athagarh,237,10140,10137,99.95915611814345,0.9475949367088609,0.25054852320675103,0.6584388185654009,0,0,99.97041420118343,0.0,0.0,1.0,0.0,236.0,3,0.0,1.0,2.2576336354330513,0.02958579881656805,0.0,0.42194092827004215
Odisha,Cuttack,Badamba,206,8893,8889,99.96946601941747,1.1026699029126215,0.5007766990291262,1.528495145631068,0,0,99.95502080287866,0.0,0.0,0.0,2.0,204.0,4,0.0,0.0,0.2248959856066569,0.04497919712133138,0.0,0.0
Odisha,Deogarh,Reamal,255,8304,8300,99.92388235294118,1.4138431372549018,0.393843137254902,3.072627450980392,0,0,99.95183044315993,0.0,0.0,1.0,3.0,251.0,4,0.0,1.0,2.2016320979258754,0.04816955684007707,0.0,0.39215686274509803
Odisha,Deogarh,Barkote,256,7311,7306,99.9551171875,2.218046875,1.5125781249999999,4.3253515625,0,0,99.93160990288607,0.0,0.0,0.0,4.0,252.0,5,0.0,0.0,0.3419504855696895,0.0683900971139379,0.0,0.0
Odisha,Deogarh,Tileibani,289,7121,7121,100.0,1.4346020761245672,0.6971626297577854,2.499204152249135,0,0,100.0,0.0,0.0,0.0,0.0,289.0,0,0.0,0.0,0.0,0.0,0.0,0.0
Odisha,Dhenkanal,Dhenkanal,281,12174,12133,99.71918149466192,1.0980427046263346,0.40252669039145905,1.7275800711743772,0,0,99.66321669130936,0.0,1.0,2.0,12.0,266.0,41,1.0,3.0,14.139432557688137,0.3367833086906522,0.3558718861209964,1.0676156583629894
Odisha,Dhenkanal,Hindol,423,12572,12559,99.89205673758865,1.051063829787234,0.6663593380614657,2.568321513002364,0,0,99.89659560929049,0.0,0.0,2.0,10.0,411.0,13,0.0,2.0,2.8810881474009937,0.1034043907095132,0.0,0.4728132387706856
Odisha,Dhenkanal,Kankadahad,221,8835,8831,99.96570135746606,1.2524886877828054,0.3399547511312217,0.739185520361991,0,0,99.95472552348613,0.0,0.0,1.0,1.0,219.0,4,0.0,1.0,2.488815821483354,0.04527447651386531,0.0,0.4524886877828055
Odisha,Dhenkanal,Kamakshyanagar,248,8069,8063,99.94028225806451,1.066008064516129,0.6860080645161291,1.5604435483870969,0,0,99.92564134341306,0.0,0.0,1.0,4.0,243.0,6,0.0,1.0,2.387922315192753,0.07435865658693766,0.0,0.4032258064516129
Odisha,Dhenkanal,Bhubana,270,8402,8394,99.90133333333334,1.2905925925925925,0.3932962962962963,0.897,0,0,99.90478457510117,0.0,0.0,1.0,5.0,264.0,8,0.0,1.0,2.32792897634602,0.09521542489883361,0.0,0.3703703703703704
Odisha,Gajapati,Gumma,351,7176,7172,99.90165242165243,3.3563817663817663,1.4936752136752136,4.771111111111112,0,0,99.94425863991081,0.0,1.0,0.0,2.0,348.0,4,1.0,1.0,7.401213922953053,0.055741360089186176,0.2849002849002849,0.2849002849002849
Odisha,Gajapati,Rayagada,312,5801,5792,99.87583333333333,4.2235576923076925,1.7226282051282051,7.118878205128206,0,0,99.8448543354594,0.0,0.0,3.0,5.0,304.0,9,0.0,3.0,5.58342063039529,0.15514566454059645,0.0,0.9615384615384616
Odisha,Gajapati,PARALAKHEMUNDI,320,4302,4297,99.93553125,1.687,1.4421875,3.1306875,0,0,99.8837749883775,0.0,0.0,3.0,1.0,316.0,5,0.0,3.0,5.268625058112506,0.11622501162250116,0.0,0.9375
Odisha,Gajapati,Mohana,642,16120,16111,99.9398753894081,1.4805919003115264,0.3510747663551402,1.2292367601246106,0,0,99.94416873449131,0.0,0.0,3.0,4.0,635.0,9,0.0,3.0,2.615604925674265,0.05583126550868486,0.0,0.46728971962616817
Odisha,Gajapati,Kashinagar,281,4099,4097,99.95416370106761,1.9805338078291814,0.9569039145907473,2.6434163701067614,0,0,99.95120761161259,0.0,0.0,1.0,1.0,279.0,2,0.0,1.0,2.02332137254204,0.04879238838741156,0.0,0.3558718861209964
Odisha,Ganjam,RANGEILUNDA,233,13306,13294,99.88030042918456,1.6206437768240345,1.0660515021459227,2.0488412017167383,0,0,99.90981512099805,0.0,0.0,1.0,5.0,227.0,12,0.0,1.0,2.5968471417908856,0.090184879001954,0.0,0.4291845493562232
Odisha,Ganjam,Buguda,231,8801,8795,99.91722943722944,0.08142857142857143,0.05636363636363636,0.16861471861471863,0,0,99.93182592887172,0.0,0.0,1.0,5.0,225.0,6,0.0,1.0,2.505372520143569,0.06817407112828089,0.0,0.4329004329004329
Odisha,Ganjam,Sanakhemundi,247,14812,14804,99.94931174089069,0.7180566801619432,0.3379352226720648,0.7622267206477733,0,0,99.94598973805023,0.0,0.0,1.0,1.0,245.0,8,0.0,1.0,2.294342807724561,0.054010261949770454,0.0,0.4048582995951417
Odisha,Ganjam,Patrapur,249,9954,9950,99.96305220883534,2.5986746987951808,1.4187550200803212,2.6097590361445784,0,0,99.95981514968857,0.0,0.0,0.0,4.0,245.0,4,0.0,0.0,0.20092425155716295,0.04018485031143259,0.0,0.0
Odisha,Ganjam,PURUSHOTTAMPUR,253,10649,10645,99.96292490118577,0.6130830039525692,0.30584980237154147,0.9975494071146245,0,0,99.96243778758569,0.0,0.0,0.0,3.0,250.0,4,0.0,0.0,0.187811062071556,0.0375622124143112,0.0,0.0
Odisha,Jagatsinghpur,Tirtol,294,9379,9377,99.98690476190477,0.5136734693877552,0.17673469387755103,0.9797959183673469,0,0,99.97867576500693,0.0,0.0,0.0,1.0,293.0,2,0.0,0.0,0.10662117496534812,0.021324234993069624,0.0,0.0
Odisha,Jagatsinghpur,Balikuda,252,8495,8494,99.98984126984126,1.105753968253968,0.601468253968254,1.1400396825396826,0,0,99.9882283696292,0.0,0.0,0.0,1.0,251.0,1,0.0,0.0,0.05885815185403178,0.011771630370806356,0.0,0.0
Odisha,Jagatsinghpur,Biridi,170,4471,4471,100.0,0.9512352941176471,0.46341176470588236,1.2256470588235293,0,0,100.0,0.0,0.0,0.0,0.0,170.0,0,0.0,0.0,0.0,0.0,0.0,0.0
Odisha,Jagatsinghpur,Erasama,239,8424,8424,100.0,0.737071129707113,0.3275732217573221,1.6039330543933052,0,0,100.0,0.0,0.0,0.0,0.0,239.0,0,0.0,0.0,0.0,0.0,0.0,0.0
Odisha,Jagatsinghpur,Jagatsinghpur,286,9945,9945,100.0,0.852937062937063,0.5364685314685315,1.308216783216783,0,0,100.0,0.0,0.0,0.0,0.0,286.0,0,0.0,0.0,0.0,0.0,0.0,0.0
Odisha,Jajapur,Rasulpur,266,13463,13461,99.97567669172932,1.0775187969924813,0.4091729323308271,1.418609022556391,0,0,99.98514447002897,0.0,0.0,1.0,1.0,264.0,2,0.0,1.0,1.9539768979754593,0.014855529971031716,0.0,0.37593984962406013
Odisha,Jajapur,Jajpur,324,14856,14848,99.94734567901234,0.8676234567901235,0.11626543209876544,0.29867283950617285,0,0,99.94614970382337,0.0,0.0,1.0,6.0,317.0,8,0.0,1.0,1.8124613574263546,0.053850296176628974,0.0,0.30864197530864196
Odisha,Jajapur,Badachana-II,149,8130,8128,99.97469798657718,0.8274496644295302,0.3061073825503356,1.261275167785235,0,0,99.97539975399754,0.0,0.0,0.0,1.0,148.0,2,0.0,0.0,0.12300123001230011,0.02460024600246002,0.0,0.0
Odisha,Jajapur,Dasarathipur,311,12987,12984,99.98215434083602,1.1170739549839228,0.31340836012861734,1.7290032154340838,0,0,99.97689997689999,0.0,0.0,0.0,2.0,309.0,3,0.0,0.0,0.11550011550011549,0.023100023100023098,0.0,0.0
Odisha,Jajapur,Danagadi,201,11187,11185,99.97875621890547,2.6208955223880595,0.4990049751243781,3.0743781094527365,0,0,99.98212210601591,0.0,0.0,0.0,2.0,199.0,2,0.0,0.0,0.08938946992044337,0.017877893984088674,0.0,0.0
Odisha,Jharsuguda,JHARSUGUDA RURAL,158,4695,4688,99.80544303797468,2.431012658227848,1.7869620253164555,4.241772151898735,0,0,99.85090521831735,0.0,0.0,3.0,4.0,151.0,7,0.0,3.0,10.239144794489155,0.1490947816826411,0.0,1.89873417721519
Odisha,Jharsuguda,BRAJRAJNAGAR URBAN,95,3884,3872,99.80463157894738,0.9857894736842104,1.427578947368421,2.2754736842105263,0,0,99.69104016477857,0.0,0.0,1.0,2.0,92.0,12,0.0,1.0,6.807957070843948,0.30895983522142123,0.0,1.0526315789473684
Odisha,Jharsuguda,KIRMIRA,93,2103,2101,99.8816129032258,2.2475268817204297,1.7141935483870967,5.06978494623656,0,0,99.90489776509747,0.0,0.0,1.0,1.0,91.0,2,0.0,1.0,5.851855260534107,0.0951022349025202,0.0,1.0752688172043012
Odisha,Jharsuguda,LAKHANPUR,301,11011,11006,99.95664451827243,2.627906976744186,1.3796013289036544,3.557840531561462,0,0,99.95459086368177,0.0,0.0,1.0,3.0,297.0,5,0.0,1.0,1.8881752496974484,0.04540913631822723,0.0,0.33222591362126247
Odisha,Jharsuguda,JHARSUGUDA URBAN,97,6632,6632,100.0,1.0391752577319586,0.5303092783505154,0.952680412371134,0,0,100.0,0.0,0.0,0.0,0.0,97.0,0,0.0,0.0,0.0,0.0,0.0,0.0
Odisha,Kalahandi,Junagarh,248,16543,16484,99.79443548387097,1.8597983870967743,0.6056048387096774,3.177298387096774,0,0,99.64335368433778,0.0,1.0,0.0,5.0,242.0,59,1.0,1.0,11.863876739601391,0.35664631566221366,0.4032258064516129,0.4032258064516129
Odisha,Kalahandi,KALAMPUR,79,4888,4877,99.85025316455696,1.5268354430379747,0.7624050632911392,2.5234177215189875,0,0,99.77495908346971,0.0,0.0,1.0,0.0,78.0,11,0.0,1.0,7.454318506702024,0.22504091653027825,0.0,1.2658227848101267
Odisha,Kalahandi,Narla,156,9175,9159,99.84185897435897,2.060448717948718,0.7408974358974358,2.1237820512820513,0,0,99.82561307901906,0.0,0.0,1.0,7.0,148.0,16,0.0,1.0,4.077062810032837,0.17438692098092642,0.0,0.641025641025641
Odisha,Kalahandi,Th.Rampur,184,9915,9900,99.8541304347826,3.6973369565217395,1.0647282608695652,5.014782608695652,0,0,99.84871406959152,0.0,0.0,1.0,11.0,172.0,15,0.0,1.0,3.4738209563901865,0.15128593040847202,0.0,0.5434782608695652
Odisha,Kalahandi,jaipatna,172,11460,11456,99.94372093023256,2.510813953488372,0.4762790697674419,3.747267441860465,0,0,99.96509598603839,0.0,0.0,1.0,3.0,168.0,4,0.0,1.0,3.081496813994075,0.034904013961605584,0.0,0.5813953488372093
Odisha,Kandhamal,KOTAGARH,160,7532,7522,99.8385,1.7399999999999998,1.163,3.5675624999999997,0,0,99.8672331386086,0.0,0.0,2.0,4.0,154.0,10,0.0,2.0,6.913834306956984,0.1327668613913967,0.0,1.25
Odisha,Kandhamal,G.UDAYGIRI,114,2254,2253,99.9538596491228,2.2778947368421054,0.5363157894736842,3.9583333333333335,0,0,99.95563442768412,0.0,0.0,1.0,0.0,113.0,1,0.0,1.0,4.607792773860115,0.044365572315882874,0.0,0.8771929824561403
Odisha,Kandhamal,TIKABALI,141,3161,3159,99.9440425531915,2.289645390070922,0.7139716312056738,3.507659574468085,0,0,99.93672888326479,0.0,0.0,1.0,1.0,139.0,2,0.0,1.0,3.862454874456194,0.06327111673521038,0.0,0.7092198581560284
Odisha,Kandhamal,KHAJURIPADA,149,3736,3733,99.92241610738256,2.178993288590604,0.465503355704698,3.0268456375838926,0,0,99.91970021413277,0.0,0.0,1.0,1.0,147.0,3,0.0,1.0,3.757203627322766,0.08029978586723768,0.0,0.6711409395973155
Odisha,Kandhamal,CHAKAPAD,164,3258,3255,99.91402439024391,2.709512195121951,0.2940243902439024,3.0021951219512197,0,0,99.90791896869244,0.0,0.0,1.0,1.0,162.0,3,0.0,1.0,3.5091856443426312,0.09208103130755065,0.0,0.6097560975609756
Odisha,Kendrapara,MAHAKALPADA,311,13235,13233,99.98305466237942,0.597234726688103,0.45723472668810283,1.3817363344051448,0,0,99.98488855307896,0.0,0.0,0.0,2.0,309.0,2,0.0,0.0,0.07555723460521345,0.01511144692104269,0.0,0.0
Odisha,Kendrapara,KENDRAPADA,263,13619,13618,99.99574144486692,0.9595437262357415,0.5362737642585551,1.1644106463878328,0,0,99.99265731698362,0.0,0.0,0.0,1.0,262.0,1,0.0,0.0,0.03671341508187091,0.007342683016374182,0.0,0.0
Odisha,Kendrapara,PATTAMUNDAI,278,14064,14063,99.99122302158274,0.6469424460431654,0.516294964028777,1.0849280575539568,0,0,99.9928896473265,0.0,0.0,0.0,1.0,277.0,1,0.0,0.0,0.035551763367463025,0.007110352673492605,0.0,0.0
Odisha,Kendrapara,AUL,225,9429,9429,100.0,0.37208888888888886,0.5574222222222223,1.1961333333333333,0,0,100.0,0.0,0.0,0.0,0.0,225.0,0,0.0,0.0,0.0,0.0,0.0,0.0
Odisha,Kendrapara,DERABISH,224,8503,8503,100.0,0.709375,0.6809821428571429,1.290625,0,0,100.0,0.0,0.0,0.0,0.0,224.0,0,0.0,0.0,0.0,0.0,0.0,0.0
Odisha,Keonjhar,Champua,209,8274,8243,99.59291866028707,3.1540191387559813,1.5963636363636362,4.292679425837321,0,0,99.62533236644911,0.0,0.0,5.0,22.0,182.0,31,0.0,5.0,13.83506065579269,0.3746676335508823,0.0,2.3923444976076556
Odisha,Keonjhar,Patna,263,7733,7716,99.60167300380229,2.7029657794676805,0.6405703422053232,3.4672243346007603,0,0,99.78016293805767,1.0,0.0,0.0,1.0,261.0,17,1.0,1.0,10.604888731764856,0.21983706194232508,0.38022813688212925,0.38022813688212925
Odisha,Keonjhar,Keonjhar,343,15297,15275,99.83034985422739,4.282827988338193,0.8465597667638484,4.659999999999999,0,0,99.85618095051318,0.0,0.0,2.0,13.0,328.0,22,0.0,2.0,3.6345471424778695,0.14381904948682747,0.0,0.5830903790087464
Odisha,Keonjhar,Ghatgaon,261,9102,9099,99.96318007662835,3.3271647509578544,1.0356704980842912,5.95823754789272,0,0,99.96704021094264,0.0,0.0,1.0,1.0,259.0,3,0.0,1.0,2.080507757547286,0.03295978905735003,0.0,0.38314176245210724
Odisha,Keonjhar,Harachandanpur,290,12414,12408,99.95296551724138,8.16741379310345,1.3126206896551722,9.163103448275862,0,0,99.9516674722088,0.0,0.0,1.0,2.0,287.0,6,0.0,1.0,1.9658005699905003,0.04833252779120348,0.0,0.3448275862068966
Odisha,Khordha,Tangi,253,11152,11145,99.92173913043479,1.5002371541501975,0.8696442687747035,2.4443083003952566,0,0,99.93723098995696,0.0,0.0,2.0,5.0,246.0,7,0.0,2.0,4.266414220175682,0.0627690100430416,0.0,0.7905138339920948
Odisha,Khordha,CHILIKA,191,9378,9375,99.94429319371729,0.7516230366492147,0.48387434554973824,1.4255497382198952,0,0,99.96801023672425,0.0,0.0,1.0,1.0,189.0,3,0.0,1.0,2.7777498634991775,0.03198976327575176,0.0,0.5235602094240838
Odisha,Khordha,Begunia,236,7949,7943,99.93419491525424,1.5275,1.3808474576271186,2.755593220338983,0,0,99.92451880739715,0.0,0.0,1.0,2.0,233.0,6,0.0,1.0,2.4960500308108253,0.07548119260284313,0.0,0.423728813559322
Odisha,Khordha,BOLAGARH,228,7990,7988,99.97692982456141,1.0755701754385967,0.6760087719298246,2.031842105263158,0,0,99.97496871088862,0.0,0.0,1.0,0.0,227.0,2,0.0,1.0,2.3181389016972966,0.025031289111389236,0.0,0.43859649122807015
Odisha,Khordha,BANAPUR,289,10924,10921,99.98667820069204,0.9491349480968858,0.21792387543252598,1.1660207612456748,0,0,99.97253753203954,0.0,0.0,0.0,1.0,288.0,3,0.0,0.0,0.13731233980227023,0.027462467960454047,0.0,0.0
Odisha,Koraput,Semiliguda,194,5941,5938,99.9369587628866,2.613917525773196,0.6057731958762886,4.551752577319587,0,0,99.94950345059755,0.0,0.0,2.0,0.0,192.0,3,0.0,2.0,5.407121922270019,0.05049654940245749,0.0,1.0309278350515463
Odisha,Koraput,Narayan Patana,160,6681,6678,99.9375,1.4655625,0.520625,1.9614999999999998,0,0,99.95509654243376,0.0,0.0,1.0,0.0,159.0,3,0.0,1.0,3.349517287831163,0.044903457566232596,0.0,0.625
Odisha,Koraput,Nandapur,240,9210,9203,99.90533333333333,1.1848333333333334,0.28950000000000004,2.3175000000000003,0,0,99.92399565689468,0.0,0.0,1.0,3.0,236.0,7,0.0,1.0,2.463355048859935,0.07600434310532031,0.0,0.4166666666666667
Odisha,Koraput,Dasamantapur,264,9596,9594,99.97045454545454,3.173787878787879,0.47374999999999995,2.256666666666667,0,0,99.97915798249271,0.0,0.0,1.0,1.0,262.0,2,0.0,1.0,1.9981494814758676,0.020842017507294707,0.0,0.3787878787878788
Odisha,Koraput,Laxmipur,184,6716,6713,99.97538043478262,1.8872282608695652,0.5259239130434782,1.8401086956521737,0,0,99.95533055390113,0.0,0.0,0.0,2.0,182.0,3,0.0,0.0,0.22334723049434185,0.04466944609886837,0.0,0.0
Odisha,Malkangiri,KALIMELA,264,13123,13050,99.38128787878787,3.3347348484848487,0.9133712121212121,3.786060606060606,0,0,99.44372475805837,0.0,1.0,6.0,37.0,220.0,73,1.0,7.0,23.614709543041478,0.5562752419416293,0.3787878787878788,2.6515151515151514
Odisha,Malkangiri,MATHILI,215,10868,10836,99.64558139534883,4.3844651162790695,1.496,4.4663720930232556,0,0,99.70555760029444,0.0,0.0,3.0,20.0,192.0,32,0.0,3.0,8.4489561845743,0.2944423997055576,0.0,1.3953488372093024
Odisha,Malkangiri,KORUKONDA,177,8953,8934,99.80559322033898,4.029039548022599,0.8698870056497175,5.089661016949153,0,0,99.78778063219032,0.0,0.0,2.0,11.0,164.0,19,0.0,2.0,6.710814353172658,0.21221936780967274,0.0,1.1299435028248588
Odisha,Malkangiri,MALKANGIRI,250,13369,13356,99.90608,4.45864,1.6804000000000001,6.86912,0,0,99.90276011668786,0.0,0.0,2.0,4.0,244.0,13,0.0,2.0,4.4861994165607,0.09723988331214004,0.0,0.8
Odisha,Malkangiri,CHITRAKONDA,180,8531,8528,99.9625,5.775111111111111,1.0881666666666667,5.7396111111111106,0,0,99.9648341343336,0.0,0.0,0.0,3.0,177.0,3,0.0,0.0,0.17582932833196577,0.035165865666393153,0.0,0.0
Odisha,Mayurbhanj,Bahalda,151,5682,5672,99.48774834437086,3.5834437086092716,1.1248344370860928,5.811192052980132,0,0,99.82400563181977,1.0,0.0,1.0,4.0,145.0,10,1.0,2.0,20.747521509775265,0.17599436818021824,0.6622516556291391,1.3245033112582782
Odisha,Mayurbhanj,Khunta,182,5080,5077,99.80637362637361,2.971428571428571,0.602032967032967,6.095659340659341,0,0,99.94094488188976,0.0,1.0,1.0,1.0,179.0,3,1.0,2.0,16.778792074067667,0.05905511811023622,0.5494505494505495,1.098901098901099
Odisha,Mayurbhanj,Kaptipada,337,12201,12168,99.71543026706232,3.551839762611276,0.525074183976261,4.346943620178042,0,0,99.72953036636342,0.0,0.0,8.0,15.0,314.0,33,0.0,8.0,13.221784369963352,0.27046963363658716,0.0,2.3738872403560833
Odisha,Mayurbhanj,Thakurmunda,224,9111,9103,99.88258928571429,4.775044642857142,0.30495535714285715,5.144821428571428,0,0,99.91219405114697,0.0,0.0,2.0,2.0,220.0,8,0.0,2.0,4.903315458550887,0.08780594885303479,0.0,0.8928571428571428
Odisha,Mayurbhanj,TIRING,114,3857,3854,99.91026315789475,4.287719298245614,1.435877192982456,5.604122807017544,0,0,99.92221934145708,0.0,0.0,1.0,1.0,112.0,3,0.0,1.0,4.774868204995246,0.077780658542909,0.0,0.8771929824561403
Odisha,Nabarangpur,RAIGHAR,313,19085,19059,99.80463258785942,2.1632907348242814,0.36399361022364213,2.6380191693290738,0,0,99.86376735656275,0.0,0.0,4.0,17.0,292.0,26,0.0,4.0,7.070939575013748,0.13623264343725439,0.0,1.2779552715654952
Odisha,Nabarangpur,NANDAHANDI,135,6087,6084,99.95022222222222,1.8074074074074074,0.4699259259259259,2.5893333333333333,0,0,99.9507146377526,0.0,0.0,1.0,1.0,133.0,3,0.0,1.0,3.9501305149407666,0.04928536224741252,0.0,0.7407407407407408
Odisha,Nabarangpur,DABUGAM,142,6944,6941,99.94845070422535,3.652042253521127,0.5780281690140845,4.317676056338028,0,0,99.95679723502305,0.0,0.0,1.0,0.0,141.0,3,0.0,1.0,3.737140585448173,0.043202764976958526,0.0,0.7042253521126761
Odisha,Nabarangpur,KOSAGUMUNDA,310,17858,17840,99.87883870967741,3.526064516129032,0.2729354838709677,4.099387096774193,0,0,99.89920483816776,0.0,0.0,1.0,12.0,297.0,18,0.0,1.0,2.116879034967612,0.10079516183223207,0.0,0.3225806451612903
Odisha,Nabarangpur,JHARIGAM,304,17937,17924,99.93628289473685,5.183190789473684,0.8219407894736842,6.161348684210526,0,0,99.92752411217037,0.0,0.0,0.0,10.0,294.0,13,0.0,0.0,0.36237943914812953,0.07247588782962591,0.0,0.0
Odisha,Nayagarh,GANIA,82,2441,2433,99.6789024390244,2.247926829268293,0.5913414634146341,2.819634146341463,0,0,99.67226546497338,0.0,0.0,2.0,4.0,76.0,8,0.0,2.0,13.833794626352654,0.3277345350266284,0.0,2.4390243902439024
Odisha,Nayagarh,DASPALLA,229,7144,7139,99.8696943231441,0.7756768558951965,0.09991266375545851,1.4834934497816592,0,0,99.93001119820829,0.0,1.0,0.0,4.0,224.0,5,1.0,1.0,11.266974576644154,0.06998880179171332,0.43668122270742354,0.43668122270742354
Odisha,Nayagarh,BHAPUR,153,6537,6529,99.78542483660131,1.1770588235294117,0.48477124183006537,1.9693464052287581,0,0,99.87761970322778,0.0,0.0,3.0,3.0,147.0,8,0.0,3.0,10.415823052488548,0.12238029677221968,0.0,1.9607843137254901
Odisha,Nayagarh,NUAGAON,168,5778,5774,99.94464285714287,2.254642857142857,0.7414285714285714,3.172083333333333,0,0,99.93077189338871,0.0,0.0,0.0,4.0,164.0,4,0.0,0.0,0.34614053305642095,0.06922810661128419,0.0,0.0
Odisha,Nayagarh,ODAGAON,230,10189,10182,99.94839130434784,1.3609130434782608,0.42530434782608695,3.1555652173913042,0,0,99.93129845912259,0.0,0.0,0.0,5.0,225.0,7,0.0,0.0,0.34350770438708406,0.06870154087741681,0.0,0.0
Odisha,Nuapada,KHARIAR,264,10743,10735,99.92246212121212,1.7863257575757574,0.6971212121212121,2.3064772727272724,0,0,99.92553290514753,0.0,0.0,2.0,3.0,259.0,8,0.0,2.0,4.160214262141098,0.07446709485246207,0.0,0.7575757575757576
Odisha,Nuapada,Boden,205,7947,7944,99.96951219512195,0.9298536585365854,0.4673170731707317,1.1666829268292684,0,0,99.96224990562477,0.0,0.0,1.0,0.0,204.0,3,0.0,1.0,2.627774862120082,0.03775009437523594,0.0,0.4878048780487805
Odisha,Nuapada,Sinapali,258,9267,9261,99.93713178294573,1.0000775193798448,0.3543798449612403,1.4986046511627906,0,0,99.93525412754937,0.0,0.0,1.0,0.0,257.0,6,0.0,1.0,2.2617138583771874,0.06474587245063128,0.0,0.3875968992248062
Odisha,Nuapada,Nuapada,332,14164,14161,99.9765361445783,1.6960240963855422,0.30557228915662654,3.51539156626506,0,0,99.97881954250212,0.0,0.0,0.0,2.0,330.0,3,0.0,0.0,0.10590228748940977,0.021180457497881954,0.0,0.0
Odisha,Nuapada,KOMNA,349,11650,11650,100.0,1.1846704871060172,0.17048710601719197,1.7926934097421203,0,0,100.0,0.0,0.0,0.0,0.0,349.0,0,0.0,0.0,0.0,0.0,0.0,0.0
Odisha,Puri,ASTARANGA,178,4400,4399,99.96876404494381,0.4919662921348314,0.12483146067415729,0.6147191011235955,0,0,99.97727272727272,0.0,0.0,1.0,0.0,177.0,1,0.0,1.0,2.9226251276813078,0.022727272727272728,0.0,0.5617977528089888
Odisha,Puri,PURI SADAR,269,8579,8577,99.97676579925651,0.13171003717472118,0.06843866171003718,0.47769516728624534,0,0,99.97668725958737,0.0,0.0,1.0,0.0,268.0,2,0.0,1.0,1.9752997615427312,0.023312740412635504,0.0,0.37174721189591076
Odisha,Puri,NIMAPADA,379,11376,11373,99.98852242744064,0.2955672823218997,0.12889182058047494,0.4041160949868074,0,0,99.97362869198312,0.0,0.0,0.0,1.0,378.0,3,0.0,0.0,0.13185654008438819,0.026371308016877634,0.0,0.0
Odisha,Puri,DELANGA,179,7213,7212,99.97670391061453,0.6765921787709497,0.23798882681564246,2.494189944134078,0,0,99.986136143075,0.0,0.0,0.0,1.0,178.0,1,0.0,0.0,0.06931928462498267,0.013863856924996535,0.0,0.0
Odisha,Puri,PIPILI,261,9772,9771,99.99065134099618,0.06425287356321839,0.04367816091954023,0.1617624521072797,0,0,99.98976668031109,0.0,0.0,0.0,1.0,260.0,1,0.0,0.0,0.05116659844453541,0.010233319688907082,0.0,0.0
Odisha,Rayagada,KOLNARA,174,6492,6481,99.82994252873563,4.431724137931035,1.2466091954022989,3.7582758620689654,0,0,99.83056069008009,0.0,0.0,2.0,5.0,167.0,11,0.0,2.0,6.5943229863811155,0.16943930991990142,0.0,1.1494252873563218
Odisha,Rayagada,KASIPUR,329,19079,19041,99.81313069908813,1.3251063829787233,1.1235562310030394,2.3162917933130696,0,0,99.80082813564653,0.0,0.0,3.0,20.0,306.0,38,0.0,3.0,5.555129838484713,0.19917186435347767,0.0,0.911854103343465
Odisha,Rayagada,GUDARI,133,4907,4905,99.95932330827068,3.7374436090225562,1.511203007518797,3.5690977443609024,0,0,99.9592418993275,0.0,0.0,1.0,0.0,132.0,2,0.0,1.0,3.963188999603145,0.04075810067250866,0.0,0.7518796992481203
Odisha,Rayagada,Muniguda,187,11319,11299,99.80229946524064,4.205882352941177,1.1540106951871658,4.412032085561497,0,0,99.82330594575492,0.0,0.0,1.0,9.0,177.0,20,0.0,1.0,3.557267062669223,0.17669405424507464,0.0,0.53475935828877
Odisha,Rayagada,GUNUPUR,229,7941,7939,99.97480349344978,0.6910043668122271,0.6624017467248908,1.3819213973799125,0,0,99.97481425513159,0.0,0.0,1.0,1.0,227.0,2,0.0,1.0,2.30933483787914,0.02518574486840448,0.0,0.43668122270742354
Odisha,Sambalpur,Bamra,211,6057,6054,99.93189573459716,1.9215165876777252,1.0172511848341232,3.224691943127962,0,0,99.95047052996533,0.0,0.0,2.0,1.0,208.0,3,0.0,2.0,4.9869838430643485,0.04952947003467063,0.0,0.9478672985781991
Odisha,Sambalpur,JAMANKIRA,242,6102,6096,99.8896694214876,3.763719008264463,1.5914462809917356,5.754297520661157,0,0,99.90167158308752,0.0,0.0,2.0,3.0,237.0,6,0.0,2.0,4.623873489521117,0.09832841691248771,0.0,0.8264462809917356
Odisha,Sambalpur,RAIRAKHOL,175,5582,5577,99.89154285714287,1.6746285714285714,0.5927428571428571,3.4364,0,0,99.91042637047653,0.0,0.0,1.0,3.0,171.0,5,0.0,1.0,3.305011004760198,0.08957362952346828,0.0,0.5714285714285714
Odisha,Sambalpur,Jujomura,197,5615,5613,99.95639593908629,3.390710659898477,1.772994923857868,6.0094923857868014,0,0,99.96438112199466,0.0,0.0,1.0,1.0,195.0,2,0.0,1.0,2.716165456016562,0.03561887800534283,0.0,0.5076142131979695
Odisha,Sambalpur,Kuchinda,203,4855,4853,99.9415763546798,3.22512315270936,1.3979310344827585,4.411477832512315,0,0,99.95880535530381,0.0,0.0,1.0,1.0,201.0,2,0.0,1.0,2.669027410673066,0.0411946446961895,0.0,0.49261083743842365
Odisha,Subarnapur,SONEPUR,240,6971,6945,99.70604166666666,1.7857916666666667,0.8577083333333333,2.4322083333333335,0,0,99.62702625161383,1.0,0.0,3.0,4.0,232.0,26,1.0,4.0,18.531535408597524,0.37297374838617126,0.4166666666666667,1.6666666666666667
Odisha,Subarnapur,ULLUNDA,249,6751,6742,99.83710843373494,1.3699598393574297,0.8776305220883535,1.995301204819277,0,0,99.86668641682714,0.0,0.0,3.0,5.0,241.0,9,0.0,3.0,6.6906643014064855,0.1333135831728633,0.0,1.2048192771084338
Odisha,Subarnapur,BIRMAHARAJPUR,280,7471,7459,99.82796428571429,2.290464285714286,1.0420357142857142,2.4904642857142854,0,0,99.83937893186989,0.0,0.0,3.0,8.0,269.0,12,0.0,3.0,6.160248197793372,0.16062106813010307,0.0,1.0714285714285714
Odisha,Subarnapur,TARBHA,261,6153,6149,99.94969348659004,2.3475862068965516,0.9989272030651339,2.4157471264367816,0,0,99.93499106127092,0.0,0.0,1.0,2.0,258.0,4,0.0,1.0,2.2407535059059125,0.06500893872907525,0.0,0.38314176245210724
Odisha,Subarnapur,BINKA,258,7319,7317,99.97961240310079,1.9037596899224807,0.9271705426356589,2.1566279069767442,0,0,99.97267386254953,0.0,0.0,1.0,0.0,257.0,2,0.0,1.0,2.074615183376388,0.027326137450471376,0.0,0.3875968992248062
Odisha,Sundergarh,NUAGAON,228,6722,6721,99.9780701754386,0.7986842105263158,0.6321052631578947,1.7171052631578947,0,0,99.9851234751562,0.0,0.0,1.0,0.0,227.0,1,0.0,1.0,2.2673650803593333,0.01487652484379649,0.0,0.43859649122807015
Odisha,Sundergarh,KOIRA,177,9339,9332,99.9264406779661,1.1547457627118642,0.7533333333333333,1.9009039548022597,0,0,99.92504550808438,0.0,0.0,0.0,5.0,172.0,7,0.0,0.0,0.3747724595781133,0.07495449191562266,0.0,0.0
Odisha,Sundergarh,LEPHRIPARA,220,4838,4836,99.97090909090909,1.2963636363636364,0.41977272727272724,1.6672272727272728,0,0,99.95866060355519,0.0,0.0,0.0,2.0,218.0,2,0.0,0.0,0.20669698222405952,0.0413393964448119,0.0,0.0
Odisha,Sundergarh,BISRA,172,6308,6306,99.97767441860465,2.257732558139535,1.1115697674418605,2.6519767441860465,0,0,99.96829422954978,0.0,0.0,0.0,2.0,170.0,2,0.0,0.0,0.1585288522511097,0.03170577045022194,0.0,0.0
Odisha,Sundergarh,TANGARPALI,170,3475,3474,99.97200000000001,0.8685882352941177,0.5504117647058823,1.4984117647058823,0,0,99.97122302158273,0.0,0.0,0.0,1.0,169.0,1,0.0,0.0,0.14388489208633093,0.028776978417266185,0.0,0.0
